SMILES,pungent,sweet,floral,mint
CC(C)=CCCC(C)CCO,0,0,1,0
CC1CCC(C(C)C)C(=O)C1,0,0,0,1
CCCCCCCCCC=O,0,1,0,0
Cc1occc(=O)c1O,0,1,0,0
OCCc1ccccc1,0,0,1,0
C=CC(C)(O)CCC=C(C)C,0,0,1,0
CC1=CCC(=C(C)C)CC1,0,1,0,0
C=CC(C)(CCC=C(C)C)OC(C)=O,0,1,0,0
CCCC=O,1,0,0,0
CC1=CCC(C(C)(C)O)CC1,0,0,1,0
CC(C)CCOC(=O)CC(C)C,0,1,0,0
CC(C)=CCC/C(C)=C\CO,0,1,0,0
CC(=O)OC/C=C(/C)CCC=C(C)C,0,0,1,0
CCOC(=O)C1OC1(C)c1ccccc1,0,0,1,0
O=C(OCc1ccccc1)c1ccccc1,0,0,1,0
CC1COCc2cc3c(cc21)C(C)(C)C(C)C3(C)C,0,1,1,0
CC(=O)OC/C=C(\C)CCC=C(C)C,0,0,1,0
O=C(O)Cc1ccccc1,0,1,1,0
CC(=O)OCc1ccccc1,0,1,1,0
COc1ccc(C=O)cc1,0,1,1,0
CC(C)=CCC/C(C)=C/CO,0,1,1,0
CNc1ccccc1C(=O)OC,0,1,0,0
CCC(=O)O,1,0,0,0
C=Cc1ccccc1,0,0,1,0
CC(=O)/C=C/C1C(C)=CCCC1(C)C,0,0,1,0
CCCCCCCCCO,0,0,1,0
CC(=O)CCc1ccc(O)cc1,0,1,0,0
O=CCc1ccccc1,0,0,1,0
CCC(=O)OCc1ccccc1,0,0,1,0
C/C=C/c1ccc(OC)cc1,0,1,0,0
CCCCCCCCCCO,0,0,1,0
c1ccc2[nH]ccc2c1,0,0,1,0
CC(C)C(=O)OCCc1ccccc1,0,0,1,0
C=C(C)C1CC=C(C)C(OC(C)=O)C1,0,0,0,1
CC1=C(O)C(=O)OC1C,0,1,0,0
CCCCCCCCCCCCO,0,0,1,0
CC(C)COC(=O)c1ccccc1O,0,0,1,0
CC(C)=C1CC[C@@H](C)CC1=O,0,0,0,1
CC(=O)/C(C)=C/C1C(C)=CCCC1(C)C,0,0,1,0
CC(C)(O)Cc1ccccc1,0,0,1,0
CCOC(=O)C1OC1c1ccccc1,0,1,0,0
CC(C)=CCCC(C)CCOC=O,0,0,1,0
CC(=O)c1ccc(C)cc1,0,0,1,0
CC/C=C\CCOC(=O)c1ccccc1,0,0,1,0
CCC(=O)C(C)=O,0,1,0,0
COC(=O)c1ccccc1,0,0,1,0
COc1cc(CCC(C)=O)ccc1O,0,1,0,0
CCOC(=O)c1ccccc1O,0,1,1,0
CC(C)C=O,1,0,0,0
CCCCCCC1CCC(=O)O1,0,1,0,0
CCCCOC(=O)CC,0,1,0,0
O=C(Cc1ccccc1)OCCc1ccccc1,0,0,1,0
CCc1occc(=O)c1O,0,1,0,0
CCC(C)C1CCCCC1=O,0,0,0,1
CCCCCCCCCCCC(=O)OCC,0,1,1,0
C=CCN=C=S,1,0,0,0
C=C(C)C1CCC(C)C(=O)C1,0,0,0,1
CC(C)[C@@H]1CC[C@@H](C)CC1=O,0,0,0,1
CCCCCCOC(=O)CC(C)C,0,1,0,0
CCCOC(=O)CC,0,1,0,0
C/C=C/c1ccc(O)c(OC)c1,0,0,1,0
O=C(Cc1ccccc1)OCc1ccccc1,0,0,1,0
CCC(=O)OC/C=C(\C)CCC=C(C)C,0,0,1,0
CC1=CCC(=O)O1,0,1,0,0
C=CCOC(=O)CCC1CCCCC1,0,1,0,0
CCCCCCC#CC(=O)OC,0,0,1,0
C=CC(C)CCCC(C)(C)O,0,0,1,0
CCC(C)CCCC(C)(C)O,0,0,1,0
CCC/C=C/C(=O)O,0,1,0,0
COC(=O)Cc1ccccc1,0,1,1,0
CCC1CCC(=O)O1,0,1,0,0
CCCCC1CCC(=O)O1,0,1,0,0
CCCCCCCCCCCC=O,0,0,1,0
CCC(=O)/C=C/C1C(C)=CCCC1(C)C,0,0,1,0
CCC(=O)OCC(C)C,0,1,0,0
Cc1ccc(C=O)s1,0,1,0,0
CC/C=C\CC1=C(C)CCC1=O,0,0,1,0
CSCCCO,0,1,0,0
C=CC1(C)CCC(C(C)(C)O)O1,0,0,1,0
CCCC(=O)OCCc1ccccc1,0,0,1,0
O=C1CCCCCCCCCCCC(=O)OCCO1,0,1,1,0
CCCCOC(=O)c1ccccc1N,0,0,1,0
O=COCc1ccccc1,0,0,1,0
CCC(C)(O)CCCC(C)C,0,0,1,0
CCCCCCCCCCC=O,0,0,1,0
COC(CC(C)CCCC(C)(C)O)OC,0,0,1,0
CCCC(=O)CC,0,1,0,0
CC(C=O)Cc1ccc2c(c1)OCO2,0,0,1,0
CC(=O)OC1CCC(C(C)(C)C)CC1,0,0,1,0
C/C=C(\C)C(=O)OC/C=C(\C)CCC=C(C)C,0,0,1,0
O=C(OCc1ccccc1)c1ccccc1O,0,0,1,0
CC(=O)c1cc2c(cc1C)C(C)(C)C(C)CC2(C)C,0,1,0,0
CCCCCC1=C(C)CCC1=O,0,0,1,0
C=CC(C)(CCC=C(C)C)OC(=O)c1ccccc1,0,0,1,0
CCCC(=O)OCC(C)C,0,1,0,0
CC(C)COC(=O)c1ccccc1,0,1,0,0
CC(=O)OC(C)C,0,1,0,0
CC(C)CC(O)Cc1ccccc1,0,0,1,0
CC(=O)OC1C=C(C)C2CC(=C(C)C)CC2C(C)C1,0,1,0,0
CCCc1ccc(OC)cc1,0,1,0,0
O=Cc1ccc2c(c1)OCO2,0,0,1,0
CC1CCCCCCCCCCCCC(=O)C1,0,1,0,0
CC(=O)OC(C)(C)Cc1ccccc1,0,0,1,0
COC(=O)c1ccccc1OC,0,0,1,0
CC(CC=O)CCCC(C)(C)O,0,1,1,0
O=CCCc1ccccc1,0,0,1,0
CCOC(=O)C(C)=O,0,1,0,0
O=C1CCCCC=CCCCCCCCCCO1,0,1,0,0
CCOC(=O)c1ccccc1N,0,0,1,0
Cc1ccc(OC(=O)C(C)C)cc1,0,0,1,0
CC1CCc2nccnc21,0,1,0,0
CC(C)=CCCC(C)CCOC(=O)Cc1ccccc1,0,0,1,0
CC(C)OC(=O)Cc1ccccc1,0,1,1,0
CC(=O)OCc1ccc2c(c1)OCO2,0,0,1,0
C=C1C=CC(C(C)C)CC1,0,0,0,1
C=CC(C)(CCC=C(C)C)OC(=O)c1ccccc1N,0,0,1,0
CCCCCCCCOC(=O)CC,0,1,1,0
CC(C)=CCCC1=CCC(C=O)CC1,0,0,1,0
CCCC1CCC(=O)O1,0,1,0,0
C=C(C)[C@@H]1CC[C@@H](C)C[C@H]1OC(C)=O,0,1,0,0
C=CCCC(=O)/C=C/C1C(C)=CCCC1(C)C,0,0,1,0
CCCCCCCCOC(=O)CC(C)C,0,0,1,0
CC/C=C\CCOC(=O)C(C)O,0,1,0,0
CC(C)(C)C1CCC(O)CC1,0,0,0,1
Cc1cccc(C=O)c1,0,1,0,0
C/C=C(\C)C(=O)OCC,0,1,0,0
CC(C)(O)CCc1ccccc1,0,0,1,0
CC(C)COC(=O)/C=C/c1ccccc1,0,1,0,0
CCC/C=C/COC(C)=O,0,1,0,0
C=C(C)C1CCC(C)C(OC(C)=O)C1,0,0,1,0
C=CC(=C)CCCC(C)(C)OC(C)=O,0,0,1,0
CC1CCC(C(C)(C)O)CC1,0,0,1,0
CCCOC(=O)Cc1ccccc1,0,1,1,0
CC(C)=CC1CC(C)=CCO1,0,0,1,0
CCCC(=O)OC(C)(C)C1CC=C(C)CC1,0,0,1,0
C=C(C)[C@@H]1CC=C(C)[C@H](O)C1,0,0,0,1
CCOC(=O)CCc1ccco1,0,1,0,0
CC(=O)CCC(=O)O,0,1,0,0
CCCCC1CCCC(=O)O1,0,1,0,0
CCCOC=O,0,1,0,0
CCC(C)O,0,1,0,0
O=CO,1,0,0,0
CSCc1ccco1,1,0,0,0
CCCCCCCCC1CCC(=O)O1,0,1,0,0
CCC(=O)OC/C=C(/C)CCC=C(C)C,0,1,1,0
CC(=O)O[C@@H]1C[C@H](C)CC[C@H]1C(C)C,0,0,0,1
CCOC(=O)CC(O)C(=O)OCC,0,1,0,0
CC(=O)CO,0,1,0,0
O=C(OCCc1ccccc1)c1ccccc1O,0,0,1,0
O=CCOc1ccccc1,0,0,1,0
CC(C)=CC1CC(C)CCO1,0,0,1,0
O=C1CCC2CCCCC2O1,0,1,0,0
CCCCC1CCCCC(=O)O1,0,1,0,0
CCCC1CCCC(=O)O1,0,1,0,0
CCC(=O)OCCC(C)C,0,1,0,0
C/C=C(C)/C=C/C=C(C)C,0,0,1,0
CC(C)=CCC/C(C)=C/COC(=O)C(C)C,0,1,1,0
C=C(C)C1CC=C(CO)CC1,0,0,1,0
C=CCOC(=O)CCCCCCCC,0,1,0,0
CC(C)CC(=O)Cc1ccccc1,0,1,0,0
C=CC(C)(C)C(=O)C=C(C)C,0,0,0,1
C=CCc1ccc(OC(C)=O)c(OC)c1,0,0,1,0
COCc1ccccc1,0,0,1,0
O=C(/C=C/c1ccccc1)OC/C=C/c1ccccc1,0,1,1,0
CCCCN=C=S,1,0,0,0
C=CC(=C)CC/C=C(\C)CC/C=C(\C)C=O,0,1,0,0
CC(C=O)Cc1ccc(C(C)C)cc1,0,0,1,0
CC(C)=CCCC(C)CC(=O)O,0,0,1,0
CCCOC(=O)C(C)C,0,1,0,0
CCCCCCCCC(C)=O,0,0,1,0
COC1=C(C)OC(C)C1=O,0,1,0,0
CC(C)CC(=O)OC1CC(C)CCC1C(C)C,0,1,0,0
C=CCc1cc(OC)c(OC)c(OC)c1,0,0,1,0
C=C(C)C1CCC(C)CC1OC(C)=O,0,1,0,0
CC1OCCC1=O,0,1,0,0
CC(C)C12CCC(C)(O)C1C2,0,0,0,1
CCCCCC(CC)OC(C)=O,0,0,0,1
CC(C=O)c1ccccc1,0,0,1,0
CCC(C)COC(C)=O,0,1,0,0
CCCCCCCOC=O,0,0,1,0
C=C(C)C1CCC(C)CC1O,0,0,0,1
CCC(C)COC(=O)C(C)CC,0,1,0,0
CCCC(=O)C(CC)Cc1ccccc1,0,0,0,1
CCON=O,0,1,0,0
C=CCOC(=O)CCCCCC,0,1,0,0
COCCc1ccccc1,0,0,1,0
COCCC(C)(C)S,0,0,0,1
CC1CCC(=O)O1,0,1,0,0
CCCCC(CC)CO,0,1,1,0
COC(=O)CCC(=O)OC,0,0,1,0
CC(=O)C(=O)CC(C)C,0,1,0,0
CC(=O)CCC1C(C)=CCCC1(C)C,0,0,1,0
C=CC(=O)CC,1,0,0,0
CC(C)=CCC/C(C)=C/COC(=O)c1ccccc1N,0,0,1,0
CCCCCC(C=O)=Cc1ccccc1,0,0,1,0
CC(C)COC(=O)c1ccccc1N,0,1,1,0
CC(C)=CCC/C(C)=C\COC(=O)C(C)C,0,1,0,0
C=Cc1ccc(O)cc1,0,1,0,0
C=C(C)C1CC=C(C)C(O)C1,0,0,0,1
CC(C)COC(=O)Cc1ccccc1,0,1,1,0
C=C(C)CCC[C@H](C)CCO,0,0,1,0
C/C=C/C(=O)C1C(C)=CCCC1(C)C,0,0,1,0
CC1=C2CCC(C)CC2OC1=O,0,1,0,0
CCCCCC/C(C=O)=C\c1ccccc1,0,0,1,0
CC(C)C(=O)OCCOc1ccccc1,0,1,1,0
CC1CCC(=O)C1=O,0,1,0,0
CC(=O)C=CC1=C(C)CCCC1(C)C,0,1,1,0
C=CC(C)(O)CCCC(C)CCCC(C)CCCC(C)C,0,0,1,0
C=CCOC(=O)CCCCC,0,1,0,0
C=CCOC(=O)CCC,1,1,0,0
CC(C)CCOC(=O)c1ccccc1,0,1,0,0
COC(OC)C(C)c1ccccc1,0,0,1,0
CC(=O)OCCC1CCCCC1,0,0,1,0
Cc1ccccc1,0,1,0,0
CC1(C)C2CC=C(CO)C1C2,0,0,0,1
CC1CCCCC1=O,0,0,0,1
CCC(=O)OCCCc1ccccc1,0,0,1,0
COC(=O)CCc1ccccc1,0,0,1,0
CCCCCCCCC(OC)OC,0,0,1,0
CC/C=C/C=O,1,0,0,0
CCCCC/C(=C\c1ccccc1)CO,0,0,1,0
COc1ccc(OC)cc1,0,1,0,0
CCOCc1ccccc1OC,0,0,1,0
C=C(C)CCCC(C)CCOC(C)=O,0,0,1,0
CCC(=O)C(=O)O,0,1,0,0
CCNC(=O)C1CC(C)CCC1C(C)C,0,0,0,1
C=C/C(C)=C/CCC(C)(C)O,0,1,0,0
CCCCC/C=C\CC1CCC(=O)O1,0,1,0,0
CCOc1cc(C2OCC(C)O2)ccc1O,0,1,0,0
CCc1ccc(C=O)cc1,0,1,0,0
CC(C)=CCCC(C)CCCC(C)C=O,0,0,1,0
CCC(C)C(=O)OCCC(C)C,0,1,0,0
CC(C)=CCCC(C)CCOC(=O)c1ccccc1N,0,0,1,0
C/C=C/c1ccc(OC(=O)Cc2ccccc2)c(OC)c1,0,1,1,0
CCCCOCc1ccccc1,0,0,1,0
CC(C)CCOC(=O)c1ccccc1O,0,0,1,0
C=C/C(C)=C/CC=C(C)C,0,1,0,0
CCCCCCCCC(=O)OCCC(C)C,0,0,1,0
O=COC1CCCCC1,0,1,0,0
CCCC(=O)OC(C)c1ccccc1,0,1,0,0
CCCCCCCC(OC)OC,0,0,1,0
C=C(C)C1CCC(C)CC1=O,0,0,0,1
CC(C)=CCC/C(C)=C/COC(=O)Cc1ccccc1,0,0,1,0
CCCCC/C(C=O)=C/c1ccccc1,0,0,1,0
CC(C)=CCC/C(C)=C/COC(=O)c1ccccc1,0,0,1,0
CC(C)CCOC(=O)Cc1ccccc1,0,1,0,0
C=CC(C)(CCC=C(C)C)OC(=O)Cc1ccccc1,0,0,1,0
COC(=O)CCC(C)C,0,1,0,0
CCC(C)(O)CCC=C(C)C,0,0,1,0
C=Cc1ccc(OC)c(OC)c1,0,0,1,0
CCCCC/C=C/C(=O)OC,0,1,0,0
COc1ccc(C(C)=O)cc1OC,0,0,1,0
O=C(Oc1ccccc1)c1ccccc1O,0,0,1,0
C/C=C/C(=O)C1CCC(C)(C)C=C1C,0,0,1,0
CCCCCCCCC(=O)OCc1ccccc1,0,0,1,0
C=C(C)[C@@H]1CCC2=CC(=O)C[C@@H](C)[C@]2(C)C1,0,1,0,0
CC1=CC(=O)CCC1,0,1,0,0
CCCCC/C(C=O)=C\c1ccccc1,0,0,1,0
C=C/C(C)=C\CC=C(C)C,0,0,1,0
CCC(C)(CCc1ccccc1)OC(C)=O,0,0,1,0
CC1=CCC(C(C)(C)OC=O)CC1,0,0,1,0
CCOC(C)OCCc1ccccc1,0,0,1,0
CCCCCCCCC(OCC)OCC,0,0,1,0
COc1ccc(/C=C/C=O)cc1,0,0,1,0
CC(C)OC(=O)c1ccccc1,0,1,1,0
C/C=C(/C)C(=O)OCCC(C)C,0,0,1,0
C=CCOC(=O)CC(C)C,0,1,0,0
CCCCOC(=O)CC(CC(=O)OCCCC)(OC(C)=O)C(=O)OCCCC,0,1,0,0
C=CCc1ccc(OCc2ccccc2)c(OC)c1,0,0,1,0
CCCC(O)CC(=O)OC,0,1,0,0
CCCCCCC(C)C=O,0,0,1,0
CCC(=O)C1CC(C(C)C)CC=C1C,0,0,1,0
CCCC(=O)CC(=O)OCC,0,1,0,0
CCCCCC1COCCC1OC(C)=O,0,0,1,0
CCC(=O)Oc1c(C)occc1=O,0,1,0,0
CC/C=C\CCOC(=O)c1ccccc1O,0,0,1,0
Cc1ccnc2ccccc12,0,0,1,0
CCCCC(=O)OCc1ccco1,0,1,0,0
C=CCOC(=O)CCCCCCCCC,0,1,0,0
COc1cnccn1,0,1,0,0
CCCCCCCCCCCC(=O)Oc1ccc(C)cc1,0,1,1,0
C=CC1(C)CCC(C(=C)C)O1,0,0,0,1
CC(=O)c1cc(C)ccc1O,0,0,1,0
CC(C)=CC=O,1,1,0,0
C=CCCCCCCCCCO,0,0,1,0
CC(=O)OC1C2(C)CCC(C2)C1(C)C,0,1,0,0
CCCCC(=O)OC,0,1,0,0
O=C1CCCCCCCCCCCCCCCO1,0,1,0,0
CCC(O)c1ccccc1,0,0,1,0
CC(C)COC(Cc1ccccc1)OCC(C)C,0,1,1,0
CC(CO)c1ccccc1,0,0,1,0
CCCC(O)Cc1ccccc1,0,1,0,0
COC(C)(C)CCCC(C)CC=O,0,1,1,0
CC(CCO)CC(C)(C)C,0,0,1,0
C/C=C(\C)C(=O)OCCC(C)CCC=C(C)C,0,0,1,0
CC1CCC(C(C)(C)S)C(=O)C1,0,0,0,1
C=C(C)C1CC=C(C)C(=O)C1,0,0,0,1
CCOC(CC(C)CCCC(C)(C)O)OCC,0,0,1,0
C1CCNCC1,0,1,1,0
CC(=O)OC1CC(C)CC(C)(C)C1,0,0,1,1
CC(C)=CCC/C(C)=C\COC(=O)CC(C)C,0,0,1,0
Cc1ccc(C(C)C=O)cc1,0,1,1,0
CC(=O)CCc1ccccc1,0,0,1,0
Cc1ccc(C)c(O)c1,0,1,0,0
CCCCCC(/C=C/c1ccccc1)OC(C)=O,0,0,1,0
CC(C=O)CCc1ccccc1,0,0,1,0
CC(C)=C[C@@H]1C[C@H](C)CCO1,0,0,1,0
CCCCCCC1(C)CCC(=O)O1,0,0,1,0
CC(C)CCOCc1ccccc1,0,0,1,0
CC(C)COC(=O)CC(C)C,0,1,0,0
C=CC(=C)CCCC(C)(C)O,0,0,1,0
CN=C=S,1,0,0,0
O=C(C=Cc1ccccc1)OCC=Cc1ccccc1,0,1,1,0
CCCCCCOC(=O)c1ccco1,0,1,1,0
O=C(Cc1ccccc1)OC1CCCCC1,0,0,1,0
CCOC(=O)c1ccco1,0,0,1,0
CNc1ccccc1C(=O)OCC(C)C,0,0,1,0
CCC(C=O)CC,0,1,0,0
C=C(C)CCCC(C)CCOC(=O)CC,0,0,1,0
CC(=O)c1ccc(O)cc1,0,1,1,0
CC(C)(S)CCO,0,1,0,0
CC1=C(O)C(=O)CO1,0,1,0,0
OCCCCCc1ccccc1,0,0,1,0
CCCCCC1OC(=O)CC1C,0,0,1,0
CC1CC(C)(C)OC(Cc2ccccc2)O1,0,0,1,0
CC/C=C1\OC(=O)c2ccccc21,0,1,0,0
CC(C)(C)C1CCCCC1=O,0,0,0,1
C=C1CCCC(C)(C)C1/C=C/C(C)=O,0,0,1,0
C/C=C/C(=O)OCCCCCC,0,1,0,0
C=C1C(=O)CC2CC1C2(C)C,0,0,0,1
CCOC(=O)CCCc1ccccc1,0,1,0,0
C=CC(C)(CCC=C(C)C)OC(=O)/C=C/c1ccccc1,0,1,0,0
C/C=C(\C)C(=O)OCCCC,0,0,1,0
CC(C)/C=C(/C=O)c1ccccc1,0,1,1,0
C=CCO,1,0,0,0
CC(=O)CCc1ccc2c(c1)OCO2,0,1,1,0
COC(C)(C)CCCC(C)C=O,0,0,1,0
CC(=O)OC(CC(C)C)CC(C)C,0,0,1,0
CCCOC(=O)c1ccco1,0,1,0,0
CCCCCCCCCCC(OC)OC,0,0,1,0
CCCOC(=O)c1ccccc1O,0,0,1,0
CC(C)CCOC(=O)CCCc1ccco1,0,1,0,0
CCOC(=O)CC(C)CC(C)(C)C,0,0,1,0
Cc1ccc2ccccc2c1,0,1,1,0
CC(=O)OC1CC2CC1C1CC=CC21,0,0,1,0
CCCCCCC(=O)OCCc1ccccc1,0,0,1,0
CCCCCCCCCOC(=O)c1ccccc1N,0,1,0,0
C=C1CC[C@H]2O[C@]2(C)CC[C@@H]2[C@@H]1CC2(C)C,0,1,0,0
COc1cc(C=O)ccc1OC(=O)C(C)C,0,1,0,0
CCCC=CCOC(C)=O,0,1,0,0
CCCCCC(CO)C(C)=O,0,1,0,0
CCCCCCCOC(=O)C(C)C,0,1,1,0
C=CC1(C)CCC(O)C(C)(C)O1,0,0,1,0
CC(=O)CCc1ccc(C)cc1,0,1,1,0
C=C(C)C1CCC2(C)OC2C1,0,0,0,1
CCCCCOC(=O)c1ccccc1O,0,1,1,0
O=C1CCCCCCC/C=C\CCCCCCO1,0,1,0,0
c1ccc(CCOC2CCCCC2)cc1,0,0,1,0
O=C1CCCCCCCCCCOCCCCO1,0,1,0,0
C=C1C=CC(C(C)CCC=C(C)C)CC1,0,1,0,0
CCC(=O)OC(C)(C)Cc1ccccc1,0,1,1,0
CCCCCOC(=O)c1ccccc1N,0,0,1,0
C=C[C@](C)(O)CCC=C(C)C,0,0,1,0
CCC(C)C(=O)OC(C)C,0,1,0,0
Cc1c([N+](=O)[O-])c(C)c([N+](=O)[O-])c(C(C)(C)C)c1[N+](=O)[O-],0,1,0,0
Cc1ccc(CO)cc1,0,0,1,0
CC1(C)CCCC(C)(O)C1=O,0,1,0,0
O=C(OC1CCCCC1)c1ccccc1,0,0,1,0
CC1C2CC(CC2C2CCC(O)CC2)C1(C)C,0,1,0,0
CCCCCCCOC(=O)CC,0,0,1,0
Cc1ccccc1CCO,0,0,1,0
CCCCCC(OC)OC,0,1,0,0
Cc1coc2c1CC[C@@H](C)C2,0,0,0,1
C/C=C/C=C/C(=O)OC,1,1,0,0
C=CC(C)(CC/C=C(\C)CC)OC(C)=O,0,0,1,0
CC1=CC(=O)C2CC1C2(C)C,0,0,0,1
CCOC(=O)c1ccccc1OC,0,0,1,0
CC(=O)CCCC(C)CCCC(C)CCCC(C)C,0,0,1,0
CC(C)=C1CCC(C)C2=C(C1)C(C)CC2,0,1,0,0
CC1(C)COC(C)(c2ccccc2)OC1,0,1,0,0
CC1=C2C[C@H](C(C)(C)O)CC[C@]2(C)CCC1,0,1,1,0
CC(C)(C)C1CCC(=O)CC1,0,0,0,1
CC(=O)/C=C/C1=C(C)CCC(C)C1(C)C,0,1,1,0
COC(=O)/C=C(\C)CCC=C(C)C,0,0,1,0
CC(C)C(=O)OCC(C)c1ccccc1,0,0,1,0
CC/C=C/CCC1CCCC(=O)O1,0,1,1,0
CCCCc1ccco1,0,1,0,0
CCCCCCOC,0,1,0,0
CC1=CC(=O)[C@@H](C(C)C)CC1,1,0,0,1
COc1ccc(C(OC)OC)cc1,0,0,1,0
CC(=CC(C)C)C(=O)O,0,1,0,0
O=COCCCc1ccccc1,0,1,1,0
C=C(C)CCCC(C)CCOC(=O)C(C)C,0,1,1,0
CC(c1ccccc1)C1OCCO1,0,0,1,0
CC(C)c1ccc(CCC=O)cc1,0,0,1,0
CCCCCCOC(C)OCCCCCC,0,1,0,0
CC(=O)CC(=O)OCC(C)C,0,1,0,0
CCOC(=O)C(=O)OCCC(C)CCC=C(C)C,0,1,1,0
CC1OC(C)OC(C)O1,0,1,0,0
CCNc1ccccc1C(=O)OCC,0,0,1,0
CCc1ccc(C(C)=O)cc1,0,0,1,0
Cc1cccc(OC(=O)Cc2ccccc2)c1,0,0,1,0
CC1=CCC(C(C)(C)OC(=O)/C=C/c2ccccc2)CC1,0,1,0,0
CCCCCCCCCOC(=O)CCCCCCC,0,1,1,0
CC(C)=CCc1occc1C,0,0,0,1
COC(C)(C)C1CC=C(C)CC1,0,0,1,0
CCCOC(=O)CC(C)C,0,1,0,0
CC(=O)OC(C)C(C)=O,1,1,0,0
C=C[C@@](C)(O)CCC=C(C)C,0,1,1,0
C=CC(C)(CCC=C(C)C)OC(=O)CC(C)C,0,1,0,0
CC1=CC(=O)CC1,0,1,0,0
O=[N+]([O-])CCc1ccccc1,0,0,1,0
CCCCCCCCCCC(C)=O,0,0,1,0
CCCCCCCCCCCCCCC(=O)OCC,0,1,0,0
CCCCC(=O)OCc1ccccc1,0,0,1,0
CCC/C=C/COC(=O)c1ccccc1O,0,0,1,0
CCCCCCC(CC)OC(C)=O,0,0,1,0
CC1CCC2CC1SC2(C)C,0,0,0,1
CCCCCCCC(=O)OCc1ccco1,0,1,0,0
CCCCCCCOC(=O)CCC,0,1,1,0
CCCCCCC1OCC(CO)O1,0,1,0,0
C=CCOC(=O)c1ccccc1,0,1,1,0
C=C=CC(C)C(=O)OCC,0,1,0,0
CCC(CC)COC(C)=O,0,1,0,0
C=CCOC(=O)CC1CCCCC1,0,1,0,0
CCC(=O)OC(C)c1ccccc1,0,1,1,0
CCCCC(=O)OCCc1ccccc1,0,0,1,0
CCCCCC=C1CCCC1=O,0,0,1,0
CCCCCCC1CCCC1=O,0,0,1,0
CCCCCC1C=CC(=O)O1,0,0,0,1
CC(C)(C)C1CCCCC1O,0,0,0,1
C=CC(C)(CCC=C(C)C)OC(=O)CCCCCCC,0,1,0,0
COc1ccccc1-c1ccccc1,0,0,1,0
CC(=O)c1oc(C)cc1C,0,1,0,0
CC(=O)OCc1ccco1,0,1,0,0
CCCCCC(OCC)OCC,0,0,1,0
CC(=O)OCC=C(C)CCC=C(C)CCC=C(C)C,0,0,1,0
CC1=C(/C=C/C(C)O)C(C)(C)CCC1,0,0,1,0
O=C(O)C(=O)Cc1ccccc1,0,1,0,0
CCCCCCC#CC(=O)OCC,0,0,1,0
CC(=O)c1cc2c(cc1C)C(C)(C)C(C)C2(C)C,0,1,0,0
CC(=O)/C=C/C12OC1(C)CCCC2(C)C,0,1,0,0
CCCCCC(=O)c1ccco1,0,1,0,0
OCCOc1ccccc1,0,0,1,0
CC(=O)/C=C/c1ccccc1,0,0,1,0
CC/C=C\C[C@H]1C(=O)CC[C@@H]1CC(=O)OC,0,0,1,0
C=CCc1ccc(OC(=O)Cc2ccccc2)c(OC)c1,0,1,0,0
CCCCOC(=O)C(C)CCC,0,0,1,0
CC(=O)OCCCCC(C)C,0,1,0,1
CCCCCC1=CCCC1=O,0,0,1,0
CCCCC(=O)c1ccco1,0,1,0,0
CCCCCCCCCC(=O)OCCC(C)C,0,1,0,0
CCC(=O)CO,0,1,0,0
C=CC(C)(O)CC/C=C(\C)CC/C=C(\C)CCC=C(C)C,0,0,1,0
CC(C)CC(C)O,1,0,0,0
CCOC(=O)C(Cc1ccccc1)C(C)=O,0,1,1,0
CC(C)=CC(=O)OC(C)C,0,1,0,1
CCCC(=O)OCC(C)c1ccccc1,0,1,0,0
C=CC(CCCCC)OC(=O)CCC,0,0,1,0
CCCC(CCOC(C)=O)SC(C)=O,0,1,0,0
Nc1ccccc1C(=O)OCc1ccccc1,0,0,1,0
CSc1ccccc1,1,0,0,0
C[C@H](c1ccccc1)N(C)C,0,1,0,0
CC(C)CCSSCCC(C)C,0,1,0,0
CCOc1ccc(C=O)cc1,0,1,1,0
CCC(=O)CC(C)(C)c1ccccc1,0,0,1,0
COc1c(C(C)(C)C)cc([N+](=O)[O-])c(C)c1[N+](=O)[O-],0,1,0,0
CC/C=C/CC1C(=O)CCC1CC(=O)OC,0,0,1,0
CCCCCCCCOCC=O,0,1,1,0
CC(=O)Oc1ccccc1C,0,1,1,0
CC(=O)/C=C/C=C(\C)CCC=C(C)C,0,1,1,0
CC1OC(Cc2ccccc2)OC1C,0,1,1,0
CC(C)C=C(C=O)c1ccccc1,0,1,1,0
CCCCCCCCC(=O)OCCCCCCC,0,1,1,0
CC/C=C\C/C=C\CCO,0,1,0,0
CCCC(=O)OC(C)CCC,0,1,0,0
CCCCCc1cccs1,0,1,0,0
CCCCC/C=C/CC1CCCC1=O,0,1,0,0
CC1(C)C2CC=C(CCO)C1C2,0,1,0,0
CC(C)SCc1ccco1,0,0,1,0
CC1CCC(C(C)C)C(OC(=O)C(C)C)C1,0,1,0,0
CCC(C)(O)CCc1ccccc1,0,1,1,0
CCC(C)COC(=O)c1ccccc1O,0,0,1,0
C=C(C)C1CC=C(C)C(OC(=O)CC)C1,0,0,0,1
CC(C)(O)CCCC1=CCC(C=O)CC1,0,0,1,0
CCCCOC(=O)[C@H](C)O,0,1,0,0
CC(=O)OCCC(C)CCCC(C)C,0,1,0,0
CCCCCCC[C@H]1CCC(=O)O1,0,1,0,0
c1ccc(CC2OCCO2)cc1,0,1,0,0
CC(C)CCOC(=O)CCc1ccco1,0,1,1,0
CC(C)C(=O)OC(C)(C)CCc1ccccc1,0,0,1,0
CCCC/C=C1/OC(=O)C(C)=C1C,0,0,0,1
COc1ccc2ccc(=O)oc2c1,0,1,0,0
CCC=C(C)C=O,1,0,0,0
C=C(C)[C@H]1CC(=O)[C@@]2(C)O[C@H]2C1,0,1,0,1
CC(C=O)Cc1ccc(C(C)(C)C)cc1,0,0,1,0
CC(C)=CCC[C@@H](C)CCO,0,0,1,0
CCCCCC1C(=O)CCC1C,0,1,1,0
CC(C)=CC(=O)OCCc1ccccc1,0,1,0,0
CC(=O)OC1(C(C)=O)CCCCC1,0,1,1,0
C/C=C(\C)C(=O)OCC(C)C,1,0,0,0
CCOC(C)CC,0,0,1,0
C=CCCC(C)=O,0,0,1,0
CC1CCCC(=O)C1,0,0,0,1
CC(=O)C(=O)C(C)C,0,1,0,0
CC(C)C(=O)OC(C)(C)c1ccccc1,0,1,0,0
CC(=O)CCCC(C)CCC=C(C)C,0,1,1,0
CC(C)C1CCC(CO)CC1,0,0,1,0
C#CC(C)(O)CCC=C(C)C,0,1,0,0
CCCCCCCCC(=O)OCCCCCC,0,0,1,0
CCCCOCCOC(C)=O,0,1,0,0
Cc1ccc(CC(C)C=O)cc1,0,1,1,0
CCCCCOC(=O)c1ccccc1,0,0,1,0
CC(=O)OC(c1ccccc1)C(Cl)(Cl)Cl,0,0,1,0
CSCCCCN=C=S,1,0,0,0
CCCCCOC(=O)CC,0,1,0,0
CCOc1ccc(C=O)cc1OC,0,1,1,0
CC1=CC[C@@H]2C[C@H]1C2(C)C,0,0,0,1
CCCOC(=O)/C=C\c1ccco1,0,1,0,0
Cc1ccc(-c2ccccc2)cc1,0,0,1,1
COC1CC2CC1C1CC(C=O)CC21,0,0,1,0
C/C=C/C(C)C(=O)OCCCCCC,0,1,0,0
CCCCCC/C=C/C=C/C=O,0,1,0,0
CC(=O)OC(C)/C(C)=C/C1C(C)=CCCC1(C)C,0,0,1,0
COc1cc(/C=C/C(C)=O)ccc1O,0,1,0,0
C=C[C@]1(C)CC[C@H](C(C)(C)O)O1,0,1,1,0
C=CC(C)(CCC=C(C)C)OC(C)OCC,0,1,1,0
CC1CCCC(C)(C)C1=O,1,0,0,0
OCC1COC(Cc2ccccc2)O1,0,0,1,0
C=C(C)CCCC(C)CCOC(=O)CCC,0,0,1,0
CCCCC1COCC(C)C1OC(C)=O,0,0,1,0
C=C(C)CCO,0,1,0,0
CCOC(=O)C1C(C=C(C)C)C1(C)C,0,1,1,0
CCCOC(=O)c1ccccc1N,0,0,1,0
O=C(Cc1ccccc1)OCC1CCCO1,0,1,1,0
CCCCCCCC(=O)OCC(C)C,0,0,1,0
CC(C)=C1CCC(C)CC1=O,0,0,0,1
OCCC1CCCCC1,0,0,1,0
CC(=O)CC(=O)OCCC(C)C,0,1,0,0
C/C=C/C(=O)C1C(C)C=CCC1(C)C,0,1,1,0
CCCCC(=O)OCCCc1ccccc1,0,0,1,0
O=C(CO)CO,0,0,0,1
CC1=CCC(CCO)C1(C)C,0,1,0,0
COCCOC(C)OCc1ccccc1,0,1,0,0
CC(=O)/C=C/C1C(C)=CCC(C)C1(C)C,0,1,1,0
C=C(C)C(CO)CC=C(C)C,0,0,1,0
CCCCCC1CC=CC(=O)O1,0,1,0,0
CC1=CC[C@H](C(C)(C)O)CC1,0,0,1,0
CCCC=CC=O,0,1,0,0
CCCCC(CC)COC(=O)c1ccccc1O,0,1,1,0
CCC/C=C/C(=O)OCC,0,1,0,0
O=CCCCC=O,1,0,0,0
CC(C)OC(=O)C(C)C,0,1,0,0
C=CCOC(=O)c1ccccc1N,0,0,1,0
CCCC(S)CCOC(C)=O,0,0,1,0
N#CC(=C1CCCCC1)c1ccccc1,0,0,1,0
C=C(C)C1C=CC(C)(O)CC1,0,0,0,1
C/C=C(/C)C(=O)OCCCCC,0,0,1,0
C=C/C(C)=C/CCC(C)(C)OC(C)=O,0,0,1,0
CC(=O)c1sccc1C,0,0,1,0
CC(C)(C)C(=O)OC1CC2CC1C1CC=CC21,0,1,1,0
CCC(O)/C(C)=C/C1(C)CC2C=CC1C2,0,1,0,0
CCC(C)(C)C1CCCCC1OC(C)=O,0,1,0,0
C/C=C/c1cc(OC)c(O)c(OC)c1,0,1,0,0
CCC(=O)OCC=Cc1ccccc1,0,0,1,0
CC1=CC[C@@H](C(C)(C)O)CC1,0,0,1,0
CC(=O)c1cc2ccccc2o1,0,1,1,0
CCC(C)CCC(C)(O)CC,0,1,1,0
CC(=O)CC(C)S,1,0,0,0
CC1=C(C/C=C(\C)C=O)C(C)(C)CCC1,0,1,1,0
CCOC(CCSC)OCC,1,0,0,0
CC(O)C(=O)OCc1ccccc1,0,0,1,0
CC1=CCC(C(C)CCO)CC1,0,1,1,0
C=CC/C=C/CCC(=O)OCC,0,1,0,0
CC1CC(=O)CO1,0,1,0,0
C1CC2C3CC(C2C1)C1(CCCO1)C3,0,0,1,0
CC(CC#N)CCc1ccccc1,0,1,1,0
COc1cccc(C)c1,0,0,1,0
C=C1CC/C=C(/C)CCC2C1CC2(C)C,0,1,0,0
CC(O)C(C)Cc1ccccc1,0,0,1,0
CC(C)=CCCC(C)=CCCC(C)CCO,0,0,1,0
CCN=C=S,1,0,0,0
C=C[C@@](C)(O)CC/C=C(/C)CCC=C(C)C,0,0,1,0
CCCC(O)CCCC(=O)OCC,0,1,0,0
CSc1ccoc1C,1,0,0,1
CCCCCCCOC(=O)Cc1ccccc1,0,1,0,0
Cc1ccc2ccc(=O)oc2c1,0,1,0,0
CC(=O)OCC(C)c1ccccc1,0,1,1,0
C=C1C=CCC(C)(C)C12CCC(C)O2,0,0,1,0
CC(=O)C1CC(C)=CC(C)C1C,0,0,1,0
CCCCCCC1CC(OC(C)=O)CO1,0,1,1,0
CC(O)Cc1ccccc1,0,0,1,0
C=C(C)CC(C)=O,1,0,0,0
C=CCOC(=O)CCCC(C)(C)CC,0,1,0,0
CC(=O)OC(C)C1CCCC(C)(C)C1,0,0,1,0
C=C(C)OC(C)=O,0,1,0,0
C=Cc1ccc(OC)cc1,0,1,0,0
CCOC(=O)C(CC)Cc1ccccc1,0,0,1,0
C/C=C/CCC1CCCC(=O)O1,0,0,1,0
CCOCc1ccc(O)c(OC)c1,0,1,0,0
CCCCCCOC(=O)/C=C/C(=O)OCCCCCC,0,0,1,0
O=C(CCO)OCCc1ccccc1,0,1,1,0
C=C(C)[C@H]1CC[C@@H](C)[C@H]1C=O,0,0,0,1
COC(=O)C(O)CC(C)C,0,1,0,0
COC1CC(C)CCC1C(C)C,0,0,0,1
CC(C)=CCCC(C)CCOC(=O)CC(C)C,0,0,1,0
CC(C)C1CCC(C(C)O)CC1,0,0,1,0
C=C(C)[C@H]1C=C[C@](C)(O)CC1,0,0,0,1
CC(=O)OC1CCC2CCCCC2C1,0,0,1,0
CCOC(=O)COc1ccccc1,0,0,1,0
CC1(C)[C@H]2CC=C(CO)[C@@H]1C2,0,0,0,1
CCCCCC1CCCC1=O,0,0,1,0
CC(=O)/C(C)=C(/C)C(C)C(C)(C)C,0,0,1,0
CC1CCOC(c2ccccc2)C1,0,0,1,0
CC(C)[C@@H]1CC[C@@H](C)[C@@]23CC[C@](C)(O)[C@@H]2[C@@H]13,0,0,0,1
CC(C)CC1OC(CC(C)C)OC(CC(C)C)O1,0,1,0,0
CC(=O)/C=C/C1C(C)C=C(C)CC1C,0,0,1,0
CC(C)(C)C(=O)OCCc1ccccc1,0,0,1,0
CCCC(C)COC(=O)C(C)CCC,0,1,0,0
CC/C=C\CCCCCCC=O,0,0,1,0
CCOC(=O)C1=C(C)C=CCC1(C)C,0,0,1,0
CCC=CCCOC(=O)CC(C)C,0,1,0,0
CCCC(=O)OC(C)C(=O)OCC,0,1,0,0
CC(O)CC(=O)OC1CC(C)CCC1C(C)C,0,0,0,1
COC(=O)c1ccccc1N=Cc1ccccc1,0,1,1,0
CC(C)Cc1ccc(CC(C)C=O)cc1,0,0,1,0
O=C1CCCCCCCCCOCCCCCO1,0,1,0,0
CC1=CC(=O)[C@H](C(C)C)CC1,0,0,0,1
CCC(=O)CC(C)CC,0,1,0,0
CCCCCCCCCOC(=O)CCCCCCCC,0,0,1,0
C=CC(C)(O)CC/C=C(\C)CC,0,0,1,0
CC(=O)c1cc2c(cc1C)C(C)(C)C(C)C2C(C)C,0,1,0,0
CCCCCCc1cccs1,0,0,1,0
CC(=O)OCC[C@@H]1CC=C(C)C1(C)C,0,0,1,0
CCCOC(=O)CCC(C)=O,0,1,0,0
CCCC/C=C/COC(C)=O,0,1,0,0
CCCCCCC(=O)CCCCCC,0,0,1,0
SCS,1,0,0,0
CC/C=C\C/C=C/CCOC(C)=O,0,1,0,0
CC1CCC(O)C(C(C)(C)C)C1,0,0,0,1
CC(S)c1ccccc1,0,0,1,0
C=CC1(C)CCC(=O)O1,0,0,0,1
CCCCC1C=C(C)CC(C)O1,0,0,1,0
CC1=CCC(C(C)(C)OC(=O)CC(C)C)CC1,0,1,0,0
CCCCOC(CCCC)OCCCC,0,1,0,0
C=CC(C)(O)CCC=C(C)CCC=C(C)C,0,0,1,0
CC(C)=CCC=C(C)C1CC=C(C)CC1,0,0,1,0
CCCCCCOCC(OC)OC,0,1,1,0
CCCC(=O)OC(CC)c1ccccc1,0,0,1,0
CCCCCCOC(=O)C(C)O,0,1,1,0
CCC(C)(S)CC(C)=O,0,0,1,0
Cc1ccc(CC(C)(C)O)cc1,0,0,1,0
c1ccc2c(c1)CC1COCOC21,0,0,1,0
CC(O)CC(C)(C)c1ccccc1,0,0,1,0
C=C(C)C1CCC(C)C2=C(C1)C(C)CC2,0,1,0,0
COC(=O)c1ccccc1N=CC1CC=C(CCCC(C)(C)O)CC1,0,1,1,0
Cc1ccc(Oc2ccccc2)cc1,0,0,1,0
OC(Cc1ccccc1)c1ccccc1,0,0,1,0
CCCCCCCCC(C)C#N,0,0,1,0
CC(=O)OCCOC(C)=O,0,0,1,0
CC(C)(CO)Cc1ccccc1,0,0,1,0
CSSc1ccccc1,1,0,0,0
CC(OC=O)c1ccccc1,0,0,1,0
CCCCCC#CC(=O)OCCC(C)C,0,1,0,0
CCc1cc2c(cc1C(C)=O)C(C)(C)CCC2(C)C,0,1,0,0
CC(=O)O/C=C(\C)c1ccccc1,0,1,1,0
CCCCCCCC(O)CC,0,0,1,0
CC(C)=CCC/C(C)=C/CCC(C)CCO,0,0,1,0
COc1ccc(CC(C)C=O)cc1,0,1,0,0
CC1=CC(=O)[C@H]2C[C@@H]1C2(C)C,0,0,0,1
CCOCc1ccccc1O,0,1,0,0
CC1=CC2CC(C3OCCO3)C1CC2C(C)C,0,0,1,0
CCCCOC(C)OCCCC,0,0,1,0
CCCCOc1ccc2ccccc2c1,0,1,1,0
CCC/C=C\CCCO,0,1,0,0
CC(C)COC(=O)C=Cc1ccccc1,0,1,0,0
COC(=O)C=C1CCCC1,0,1,1,0
CC(C)=CCCC(C)CCOC(=O)c1ccccc1,0,0,1,0
CC(O)C1C2CCC(C2)C1(C)C,0,1,0,0
O=COC1CCCCCCCCCCC1,0,1,0,0
CCCCCCOC(C)OCC,0,0,1,0
CCC(=O)/C=C/c1ccc(OC)cc1,0,1,0,0
CCCCCCCOCC(=O)CO,0,1,0,0
CC1(C)CCCc2ccc(C=O)cc21,0,1,1,0
C=CCCN=C=S,1,0,0,0
C=C/C=C/C#CCCCCC,0,0,1,0
CCCCCCCC/C=C/CO,0,0,1,0
CCCCCCC1CCOC1=O,0,1,1,0
O=C1CCCCCCCCC/C=C/CCCO1,0,1,0,0
CCCC(=O)OCC(C)OC(=O)CCC,0,1,0,0
CC(CO)CC(C)c1ccccc1,0,0,1,0
C/C=C/C(=O)OCC(C)C,0,1,0,0
CCCCC[C@@H]1C(=O)CC[C@@H]1CC(=O)OC,0,0,1,0
CCOC(=O)C=Cc1ccccc1,0,1,0,0
O=CCC/C=C1\CC2CC1C1CCCC21,0,1,1,0
CC(C)=C1CCC(C)(O)CC1,0,0,1,0
CCOc1ccc(C)cc1,0,0,1,0
Cc1c(C)c([N+](=O)[O-])c(C(C)(C)C)c([N+](=O)[O-])c1C,0,1,0,0
CC(C)CC(C)CCCC(C)O,0,0,1,0
CCC12CCC(C1)C(C1(O)CCCCC1)C2,0,0,1,0
CCOC(=O)C1C(CC)=CCCC1(C)C,0,0,1,0
C[C@@H]1OCCC1=O,0,1,0,0
CCCCC(CC)OC(C)=O,0,1,1,0
CCOC(=O)CCCCCOC(C)=O,0,0,1,0
CC(=O)/C(C)=C/CC1CC=C(C)C1(C)C,0,0,1,0
CC(O)C(=O)O[C@@H]1C[C@H](C)CC[C@H]1C(C)C,0,0,0,1
CC1=C2C[C@H](C(C)(C)O)CC[C@@]2(C)CCC1,0,1,0,0
CCCCCCCC(=O)CC,0,0,1,0
Cc1ccc(CCO)cc1,0,0,1,0
COC(=O)CCCc1ccccc1,0,1,1,0
c1coc(Cc2coc(Cc3ccco3)c2)c1,0,0,1,0
CCCCCCC1CCCCC(=O)O1,0,1,0,0
COC(=O)c1ccccc1N=CCC(C)CCCC(C)(C)O,0,1,1,0
CC1=CC(=O)C2(C(C)C)CC12,1,0,0,1
CC(=O)OC(C)=O,1,0,0,0
CC(=O)C=CC12OC1(C)CCCC2(C)C,0,1,1,0
CC(C)CCN=C=S,1,0,0,0
C/C=C(/C)C(=O)OCCCCCC,0,0,1,0
CC(=O)OCCCCCCC(C)C,0,1,1,0
CC1(C)C2CCC(C2)C1(C)O,0,0,0,1
CC1(C)CCCC2(C)C1CCC1(C)OCCC12,0,1,0,0
C=CCCCCCCCC=O,0,0,1,0
CC/C=C(\C)C(=O)OCC,0,1,0,0
CCCCCCCCCC1OCC(C)O1,0,0,1,0
CCOC(=O)C(C)(C)SC,0,0,0,1
C=C(C)COCC/C=C\CC,0,0,1,0
CCCCC[C@@H]1CCCC(=O)O1,0,1,0,0
CC(=O)CCC1=C(C)C=CCC1(C)C,0,0,1,0
CC(CCO)CCc1ccccc1,0,0,1,0
COc1cc(CC=O)ccc1O,0,0,1,0
CC(C)=CCCC(C)CC#N,0,0,1,0
CC(C)c1cccc(C(C)CC=O)c1,0,0,1,0
CCOCCC(C)CCCC(C)C,0,0,1,0
CCCC(C)C=Nc1ccccc1C(=O)OC,0,1,0,0
CC1C2CC(CC2C2CCCC(O)C2)C1(C)C,0,1,0,0
CC(=O)OCC[C@@H](C)CCC=C(C)C,0,1,1,0
CCC(C)(O)CC/C=C(\C)CC/C=C(\C)CCC=C(C)C,0,0,1,0
COc1ccc(/C=C(/C)C=O)cc1,0,0,1,0
CC1OCC(c2ccccc2)O1,0,0,1,0
CC(C)N=C=S,1,0,0,0
CC1=CC=CC(C)(C)C12CC(=O)C(C)O2,0,0,1,0
C/C=C\C(=O)C1=C(C)CCCC1(C)C,0,0,1,0
C=C(C)C=O,0,0,1,0
CCC(=O)OCC(C)CC,0,1,0,0
CC1(O)CCOC2(CCCCC2)C1,0,0,0,1
CC(CCO)CCCC(C)(C)O,0,0,1,0
CCCCCC(O)CC(=O)OCC,0,0,1,0
CCCCCCC/C=C/C(=O)O,0,1,0,0
CC(=O)OC1CC2CC1C1C=CCC21,0,0,1,0
COc1ccc(C#N)cc1,0,1,1,0
CCCCCCCCCCC1OCC(C)O1,0,1,1,0
C=C(C)CCCC(C)CCOC(=O)CC(C)C,0,0,1,0
C#CCO,0,0,1,0
CC(C)=C1CCC2(C)OC2C1=O,0,0,0,1
CC1=CCOC(c2ccccc2)C1,0,0,1,0
CCCCCCC1C(=O)CCC1C(=O)OC,0,0,1,0
CC1CCC(C(C)C)CC1=O,0,0,0,1
C=C(C)C1CCC2=CCCC(C)C2(C)C1,0,1,0,0
O=COC1CCC2CCCCC2C1,0,0,1,0
CC1CC(O)CC(C)(C)C1,0,0,0,1
CC12C=CC(CC1)C(C)(C)O2,0,0,0,1
CCCC/C=C/CO,1,0,0,0
CC(C)=CCOC(=O)c1ccccc1O,0,0,1,0
CC=CC(=O)C1C(C)=CCCC1(C)C,0,1,1,1
CC(C)(O)CCC1CCCCC1,0,0,1,0
O=C1CCC(C2CCCCC2)CC1,0,0,1,0
CC1CCC(=O)OC1C,0,0,0,1
CC(C)=CCC1CCCC1=O,0,0,1,0
CCCCc1cccs1,0,0,1,0
C=C(OC(C)=O)c1ccccc1,0,0,1,0
CCC1=C(O)C(=O)CC1C,0,1,0,0
C=C(C)CC(C)OC(=O)C(C)C,0,0,1,0
CC(C)=CCCC(C)(O)C1CC=C(C)CC1,0,0,1,0
CCOc1cc(C2OC(C)CC(C)(C)O2)ccc1O,0,1,0,0
CC1CCC(C(C)C)C2(C1)OC(=O)C(C)O2,0,0,0,1
OCc1ccc(O)cc1,0,1,0,0
CC(=O)Sc1cc(C)oc1C,0,0,1,0
CCCCCCCCC(=O)OC/C=C(\C)CCC=C(C)C,0,0,1,0
O=C1CCCCC1C1CCCCC1,0,1,0,1
C=C(COC(C)=O)C1CC=C(C)CC1,0,1,0,1
CCC(C)COC(=O)C=C(C)C,0,0,1,0
COC(C)(C)CCCC(C)C(C)O,0,1,1,0
CC1=CC(C)C(C(=O)C(C)(C)C)CC1,0,0,1,0
CCCCCCCCCOC(=O)CCCCCC,0,0,1,0
C=C(CCOC(C)=O)c1ccccc1,0,1,1,0
CC(=O)CCC=C(C)CCC=C(C)CCC=C(C)C,0,0,1,0
CSS(C)(=O)=O,1,0,0,0
C/C=C/c1ccc(OC=O)c(OC)c1,0,1,0,0
CC(O)C=Cc1ccccc1,0,1,1,0
C=C/C(C)=C/CCC(=C)C,0,0,1,0
CCCC/C=C\C=C\C=O,1,0,0,0
Cc1ccc(C2OCC(C)O2)cc1,0,0,1,0
CC(=O)Oc1cccc(C)c1,1,0,1,0
CCC(CC)CO,0,1,0,0
CC1=CC(C)C(CO)CC1,0,0,1,1
CC(C)CC1CC(C)(O)CCO1,0,0,1,0
CCCC(C)CC=O,0,1,0,0
CC(C)=CCCC(C)=CCOC(=O)Cc1ccccc1,0,1,1,0
C=C(C)C1CCC(C)CC1OC=O,0,0,0,1
CC(C)CCCCCCC=O,0,1,1,0
CCCCCCC(=O)CCOC(C)=O,0,0,1,0
COC(=O)c1ccc(O)c(C)c1O,0,1,0,0
CC1=CC2OCC(C)=C2CC1,0,0,1,1
COC(=O)C1C(C)C=CCC1(C)C,0,0,1,0
CC(C)c1cnccn1,0,0,0,1
CC1=CCCC(C)(C)C1/C=C/C(C)O,0,0,1,0
COC1CC2CC1C1C=CCC21,0,1,0,0
CC/C=C\CCCC(=O)OC,0,1,0,0
CCCCCCCCCC(=O)OCC(C)C,0,1,0,0
C=C1CCCC(C)(C)C1C(=O)/C=C/C,0,0,1,0
CC(=O)OC(C)C=CC1=C(C)CCCC1(C)C,0,1,1,0
CCCCCCC#CC(OC)OC,0,1,0,0
CC1=C(CCC(C)O)C(C)(C)CCC1,0,0,1,0
CCC(C)CCCCCCC=O,0,1,0,0
CC(C)[C@@H]1CC[C@H](C)CC1=O,0,0,0,1
Cc1cccc(CCCCCO)c1,0,0,1,0
OC1COC(Cc2ccccc2)OC1,0,0,1,0
CCC=CCC1C(=O)CCC1CC(=O)OC,0,0,1,0
CCCCCCCC1(C)OCC(C)O1,0,0,1,0
CCC(OC(C)=O)c1ccc(OC(C)=O)cc1,1,0,0,0
CC(=O)c1ccc(C(C)(C)C)cc1,0,0,1,0
CC(=O)C(C)Sc1ccoc1C,0,0,1,0
C/C(=C\c1ccccc1)CO,0,1,1,0
CC1(C)C2CCC1(C)C(C1CCC(O)CC1)C2,0,1,0,0
CCCCCC1CCCC1O,0,0,1,0
CC1=CCC2C3CC(C2C1)C1(C3)OC1C,0,0,1,0
CCCCCCCC[C@@H]1CCC(=O)O1,0,1,1,0
CC(=O)OCCOc1ccc(C)cc1,0,0,1,0
CC1=C(O)C(=O)[C@H](C)[C@@H]1C,0,1,0,0
CC(=O)O[C@H](C)c1ccccc1,0,0,1,0
C=C(C)CCOC(=O)C(C)(C)C,0,0,1,0
CC=CC(=O)C(C)CC,1,1,0,0
CC1=C2CC[C@@H](C)C=C2OC1=O,0,1,0,0
CC(C)=CCC/C(C)=C/C(=O)OCCC(C)C,0,0,1,0
CC1CCOC(/C=C/c2ccccc2)O1,0,1,0,0
C=CC(C)=CCC1OC1(C)C,0,1,0,0
CCOCCOC(C)=O,0,1,0,0
CCCCCC/C=C/C(=O)OC,0,1,0,0
CC1(C)COC2(CCCCC2)OC1,0,1,0,0
CC=Cc1ccc(OCc2ccccc2)c(OC)c1,0,0,1,0
O=C1CC[C@@H](C(=O)O)N1,0,1,0,0
C=C(C)c1cccc(C(C)CC=O)c1,0,0,1,0
COC(=O)c1ccccc1N/C=C1\CCC(C)=CC1C,0,1,1,0
CCC1OCCC(C)(C)S1,0,0,0,1
NCC(=O)c1ccccc1,0,1,0,0
Cc1ccc(/C=C/C=O)o1,0,1,0,0
CC(=O)OCC1CCC(C)CC1C,0,1,1,0
CC(C)=CCC/C(C)=C/CC[C@H](C)CC=O,0,0,1,0
Cc1ccc(OCCO)cc1,0,0,1,0
CC(C)=CCC(C)(C)C(=O)C(C)C,0,1,0,0
C=CC(C)(CCC=C(C)C)OCC,0,0,1,0
CCCCCC/C(C)=N/O,0,0,1,0
C=CCc1cccc(OC)c1O,0,1,0,0
C/C(C=O)=C/c1ccccc1,0,1,0,0
Cc1cc(C)oc(=O)c1,0,1,0,0
C=CCCCCCCCCC(=O)OC/C=C(\C)CCC=C(C)C,0,0,1,0
CC(C=O)=Cc1ccccc1,0,1,0,0
C=C(CC=O)CCC=C(C)C,0,0,1,0
CC(C)=CCCC(C)CC(C)O,0,0,1,0
CC(C)=CCCC(C)CC(OCCCCCCCCCCC(C)C)OCCCCCCCCCCC(C)C,0,0,1,1
COC(=O)C1C(C)=CCCC1(C)C,0,0,1,0
C/C=C/C(=O)/C(C)=C(/C)C(C)C,0,0,1,0
CCCCCCCCC=CCO,0,0,1,0
CC(=O)OC/C=C\c1ccccc1,0,0,1,0
CC=CCC1=C(C)CCC1,0,1,1,0
CC(O)CCC1C(C)CCCC1(C)C,0,0,1,0
C/C=C(\C)C(=O)OC(C)C,0,1,0,1
CCCCCC/C=C/CCC=O,0,0,1,0
CCOC(=O)[C@@]12CCC[C@@H]1[C@H]1CC[C@@H]2C1,0,1,1,0
CCC/C=C\COC(C)=O,0,1,0,0
O=C1/C=C/CCCCCCCCCCCCO1,0,1,0,0
Cc1cccc(CCO)c1,0,0,1,0
CC(C)=CCC/C(C)=C/COC(=O)C(C)=C(C)C,0,1,0,0
CCCCCC1OC(C)C(C)O1,0,1,0,0
CC(C)C1=CCC(CCOC=O)=CC1,0,1,1,1
COc1cc(/C=C/C(=O)[O-])ccc1O.[Na+],0,1,0,0
CC(C)CCC1(C)OCC=CCO1,0,1,0,0
C[C@H](C=O)c1ccccc1,0,0,1,0
CCCC(=O)C(CC)SC,0,0,0,1
CCOC(=O)OC1CCCCC1C(C)(C)C,0,0,1,0
CCCCC(CC)CCC=O,0,0,1,0
C/C=C/c1ccccc1.C=CCc1ccc(O)c(OC)c1,0,1,0,0
CCCCC[C@@H](C)O,0,1,0,0
CC(=O)/C(C)=C/C1=C(C)CCCC1(C)C,0,0,1,0
CC(C)[C@H]1CC[C@@H](C)C[C@@H]1O,0,1,0,0
COC(=O)c1ccccc1N=CCc1ccccc1,0,0,1,0
C/C=C(/C)C(=O)OCCc1ccccc1,0,0,1,0
CC1CC2C(C/C1=C/CC#N)C2(C)C,0,0,1,0
O=C1Oc2ccccc2C2CC12,0,1,0,0
CC(C)=CCC/C(C)=C1/CC=C(C)CC1,0,1,0,0
CC(=O)OCC1CC(C)=CC(C)C1,0,0,1,0
CC1=C(CC[C@H](C)O)C(C)(C)CCC1,0,0,1,0
O=C(/C=C/c1ccccc1)OCC1CCCO1,0,1,0,0
CC(C)=CCCC(C)=CCCC(C)=CCO,0,1,1,0
CCCCCC1C(=O)CCC1CC(C)=O,0,0,1,0
CC1=CCC[C@]2(C)CC[C@H](C(C)(C)O)CC12,0,1,0,0
CC1=CC=CC(C)(C)CC1=O,0,0,0,1
CC(=O)/C=C/c1ccco1,0,1,0,0
C[C@H]1C[C@H]2OCC(C)(C)C[C@@H]2C[C@H]1C,0,0,1,0
O=CCC1CC2CC1C1CCCC21,0,0,1,0
Cc1ncc2c(n1)COC2,0,1,0,0
CC1OC(C)C2Cc3ccccc3C2O1,0,0,1,0
CC(C)CC=NCCC(C)C,0,1,0,0
C/C=C/C=C/COC(=O)C(C)C,0,1,0,0
CCC(=CCC(C)CCO)CC,0,0,1,0
CCCCCC(O)C(S)CCCC,0,0,0,1
CC(C)C1CCC2CC(=O)CCC2C1,0,0,1,0
CC(C)=C1CC[C@H](C)CC1=O,0,0,0,1
C=CC(C)(CCCC(C)C)OC(C)OCC,0,1,1,0
COC(=O)CC(C)SC,0,1,0,0
CCOC(=O)C1CC=CCC1,0,1,1,0
CCOC(=O)CC(C)S,0,1,0,0
CC(C=O)C(C)CC(C)(C)C,0,0,1,0
CC1=CC/C(=C(\C)CCC=O)CC1,0,0,1,0
C/C=C(/C)C(=O)OCCC(C)CC,0,0,1,0
CCC(C)CCC(C)(CC)OC(C)=O,0,1,1,0
CCCC1OCCC(C)S1,0,1,0,0
CC(=O)C1=CCCN1,0,1,0,0
CCOC(=O)[C@@H]1[C@@H](C)CCCC1(C)C,0,0,1,0
CCOC(C)/C=C/C1=C(C)CCCC1(C)C,0,0,1,0
COCC(C)Cc1ccccc1,0,0,1,0
CCCC(=O)OCCOc1ccccc1,0,0,1,0
CCC[C@@H]1CCC(=O)O1,0,1,0,0
CC1(C)[C@H]2CC[C@@]1(C)C(=O)C2,0,0,0,1
COc1cc(/C=C/C=O)ccc1O,0,1,0,0
CC(=O)CCCc1ccccc1,0,0,1,0
CCCC(=O)OC(C)CC,0,1,0,0
C[C@H](O)c1ccccc1,0,0,1,0
CC(=O)OC1CC2CCC1(C)OC2(C)C,0,0,0,1
CCCCCC(=O)SC,0,0,1,0
CCC1CC(=O)C(O)=C1C,0,1,0,0
CC(C)=CCCC(C)CCOC(=O)C=C(C)C,0,0,1,0
CC(C)C(=O)OCC=Cc1ccccc1,0,1,0,0
CC=Cc1ccc(OCC)c(O)c1,0,1,0,0
CC(=O)OC(C)CC(C)(C)c1ccccc1,0,0,1,0
C/C=C/C=C1\C(C)=CC(=O)CC1(C)C,0,1,0,0
CC(C)=CCCC(C)=CCCC(C)C=O,0,0,1,0
Cc1cc(C)c(C)cc1C,0,1,0,0
CC[C@H](O)c1ccccc1,0,0,1,0
O=C(/C=C\c1ccccc1)OCCCc1ccccc1,0,1,0,0
CC(=O)CC(C)(C)C1CCCCC1,0,0,1,0
CCCCCCC1OCCC(C)O1,0,0,1,0
CCC(=O)OC1CC2CCC1(C)C2(C)C,1,0,1,0
CCCCC(C)(C)CO,1,0,0,0
CC1(C)C/C=C\CC/C=C\CCC2OC21C,0,1,0,0
CC/C=C\CCOC(=O)OC,0,0,1,0
CCCCC[C@@H]1CCC(=O)O1,0,1,0,0
CC=CC(=O)C1=C(C)CCCC1(C)C,0,0,1,0
CC1=C(O)C(=O)[C@H](C)[C@H]1C,0,1,0,0
CC(C)=CCCC(C)=CCOC(=O)C(C)C,0,0,1,0
CCC(C)(O)C=CC=C(C)C,0,1,1,0
CCOc1cc(COC)ccc1O,0,1,1,0
CCCCCCOCC#N,0,0,1,0
C/C(=C\C#N)CCc1ccccc1,0,0,1,0
CC(C)CC1CCCC(C)(O)C1,0,0,1,0
CC(C)OC(=O)c1ccccc1N,0,0,1,0
CCCCOc1ccc(C)cc1,0,0,1,0
Cl,1,0,0,0
CC1=C(O)C(=O)C(C)(C)C1,0,1,0,0
CCOC(=O)C1C(C)=C(C)CCC1(C)C,0,0,1,0
C=C(C)C1CCC(=C)C(OC(C)=O)C1,0,0,0,1
COc1ccc(CS)cc1,0,0,1,0
C=CC(C)=CCC=C(C)C,0,0,1,0
OCC1CC2CC1C1CCC(CO)C21,0,1,1,0
O=C1CCCCCCCCCCC(=O)OCCO1,0,1,0,0
C/C=C/C(=O)[C@@H]1[C@@H](C)C=CCC1(C)C,0,1,1,0
C=C1CC[C@H]2C[C@H]1C2(C)C.CC(C)C1=CCC(C=O)=CC1.CC(C)c1ccc(C=O)cc1.Cc1ccc(C(C)C)cc1,0,1,0,0
CC(=O)OC1C(C)(C)[C@@H]2CC[C@@]1(C)C2,0,1,0,0
CCCCCCCC(=O)N(CC)CC,0,1,0,1
CCOC(=O)C(=O)CC(=O)CC,0,0,1,0
CC1=C[C@H]2OC(=O)[C@H](C)[C@H]2CC1,0,1,0,0
CCC[C@H]1CCC(=O)O1,0,1,0,0
CCCCC[C@@H]1C(=O)CC[C@H]1C(=O)OC,0,0,1,0
CCCCCCCCCC=Nc1ccccc1C(=O)OC,0,1,1,0
CC[C@H]1CCC(=O)O1,0,1,0,0
C/C=C1/CC2CC1C1CCCOC21,0,0,1,0
C/C(=C\CC(C)C=O)C(C)C,0,1,0,0
CC(=O)C=Cc1ccccc1,0,1,1,0
COC(=O)c1ccccc1C,0,0,1,0
COC1(C)CCC(C(C)(C)OC)CC1,0,0,0,1
Cc1ccc(OCC=O)cc1,0,0,1,0
CC(=O)/C=C(\C)CCC=C(C)C,0,0,1,0
C=C(C)C1CCC(C)=C1CC(C)(C)COC(=O)CC,0,1,0,0
CCCCCCCC(=O)CCc1ccc(O)c(OC)c1,1,0,0,0
CC(=O)OC(C)CCC1C(C)CCCC1(C)C,0,0,1,0
C/C=C1\CC2CC1C1CCC(=O)OC21,0,1,0,0
CC(=O)/C=C/C(C)C,0,1,0,0
C/C=C\C(=O)C1C(C)=CCCC1(C)C,0,0,1,0
CC/C=C\CC/C=C/C#N,0,0,1,0
CC(C)C1=CC(=O)C(C)CC1,0,0,0,1
CC(C)=CCC/C(C)=C\CS,0,0,0,1
O=C(c1ccccc1)c1ccc2ccccc2c1,0,0,1,0
CC1C=COC2(CCCCC2)C1,0,0,0,1
OC1C(C2CCCC2)CCC1C1CCCC1,0,0,1,0
CCC1(C)OCC(C)(C)C(C(C)C)O1,0,0,0,1
CC=Cc1ccc(OC(=O)Cc2ccccc2)c(OC)c1,0,1,1,0
COc1ccccc1C=CC=O,0,1,0,0
C1CSCS1,0,1,0,0
C=C1[C@@H]2CC[C@@H](C2)[C@]1(C)CC/C=C(\C)CO,0,1,0,0
C/C=C/c1ccc(OC(C)OCC)c(OC)c1,0,1,1,0
CC(C)(C)c1cnccn1,0,0,0,1
CCCCC=CC(C)=O,0,1,0,0
CCCCCCC=CCO,0,1,0,0
CCCCC/C(C=O)=C\c1ccc(C)cc1,0,0,1,0
C[C@@H]1CC[C@H]2[C@@H]1[C@H]1[C@@H](CC[C@]2(C)O)C1(C)C,0,1,0,1
CCOCCC(C)CCC=C(C)C,0,0,1,0
COC(=O)n1ccc2ccccc21,0,0,1,0
O=C(Cc1ccccc1)OC/C=C/c1ccccc1,0,0,1,0
CCC1OCC(C)O1,0,1,0,0
CC(C(=O)O)c1ccccc1,0,0,1,0
CC(C)=CCC[C@@H](C)CC#N,0,0,1,0
C/C=C/c1ccc2c(c1)OCO2,0,1,0,0
COC(=O)c1ccccc1N=C/C=C(\C)CCC=C(C)C,0,1,1,0
CC(=O)OCCC(C)(C)S,0,1,0,0
CCOC(=O)C=CSC,0,1,0,0
CCCCCCCOP(=S)([S-])OCCCCCCC.CCCCCCCOP(=S)([S-])OCCCCCCC.[Zn+2],0,0,0,1
CCCCCCC(C=O)=Cc1ccccc1,0,0,1,0
CC(=O)O[C@@H]1C[C@@H]2CC[C@]1(C)C2(C)C,0,1,0,0
CC(C)(C)c1cccc(CCC=O)c1,0,0,1,0
COc1cc(C2OC(C)CC(C)(C)O2)ccc1O,0,1,0,0
CCOC(C)OC/C=C(\C)CCC=C(C)C,0,1,0,0
CC/C=C/CCOC(=O)c1ccccc1O,0,0,1,0
O=C1CCCCCC/C=C/CCCCCCC1,0,0,1,0
CC(C)=C[C@H]1C[C@@H](C)CCO1,0,0,1,0
CCCCCC[C@H]1CCC(=O)O1,0,1,0,0
CC(=O)C1CC=C(C)C1(C)C,0,1,0,0
C/C=C(\C)COC(=O)/C(C)=C/C,0,0,1,0
CCNC(=O)C(CC)(C(C)C)C(C)C,0,0,0,1
CCCC[C@H](CC)C(=O)O,0,1,0,0
CCOC(=O)c1ccc(C)cc1O,0,0,1,0
CC1CCC(C(C)C)C(OCC(O)CO)C1,0,0,0,1
CCCCCCC(CCOC(C)=O)OC(C)=O,0,0,1,0
O=C(/C=C/c1ccccc1)c1ccccc1,0,0,1,0
Cc1cccc(Oc2ccccc2)c1,0,0,1,0
CC(O)C1CCCC(C)(C)C1,0,0,0,1
COc1ccc(COC(C)=O)cc1OC,0,1,1,0
C=CC(C)(C#N)Cc1ccccc1,0,1,0,0
CC(C)C(C)CCC(C)(C)O,0,0,1,0
CC(=O)C1C2CCC(C2)C1(C)C,0,0,0,1
CC(C)=CCCC(C)CC(C)(C)O,0,0,1,0
CC1=CCC(CCC(C)C(C)O)C1(C)C,0,1,0,0
CCCC/C=C/CCCCC(=O)OCCC(C)C,0,0,1,0
CC1=CCCC(C)(C)C1/C=C/C(=O)C(C)C,0,1,1,0
CC/C=C\CC1C(=O)CCC1CC(=O)OC,0,0,1,0
C=C(C)C(O)CCC(C)CCO,0,0,1,0
CC1=NC(C(C)C)SC1,0,1,0,0
O=C(C=Cc1ccccc1)OCc1ccccc1,0,1,1,0
CCOC(=O)c1cccnc1,0,0,1,0
CCCCCCCCCCOC,0,1,0,0
CCCCCC[C@H]1CCCC(=O)O1,0,1,0,0
CC(C)CCOC(=O)C=Cc1ccccc1,0,0,1,0
CC(C)CC1CC(C)CCO1,0,0,1,0
OCC(O)c1ccccc1,0,1,0,0
COC(=O)c1ccccc1N=Cc1ccc(OC)cc1,0,1,1,0
CCCCCCC(CCOC(C)=O)OC(C)=O.CCCCCCC(O)CCO,0,1,1,0
CC(=O)OC1CCC(C)CC1C(C)(C)C,0,0,1,0
CSC(C)CC(=O)C1=C(C)CCCC1(C)C,0,1,0,0
CC(=O)OC(C)C=CC1C(C)=CCCC1(C)C,0,1,1,0
CC(C)CCCCC=O,0,1,0,0
C=CCCC1=C(C)C(=O)CCC1(C)C,0,0,1,0
CCOC(=O)SCc1ccco1,0,0,1,0
C=C1C2CCC3C2C(C)(C)CCCC13C,0,1,0,0
CC(=O)OCCCCCC(C)C,0,1,0,0
CCCCC(=O)OC(C)(C)C1CC=C(C)CC1,0,0,1,0
CCCCCCCC(C)=NO,0,0,1,0
CNC(=O)C(C)(C(C)C)C(C)C,0,0,0,1
CCC/C=C/CC1CCCC1=O,0,0,1,0
CCC(C)C(=O)SC,0,1,0,0
CC(C)[C@H]1CC[C@@H](C)CC1=O,0,0,0,1
CC1=CC(C)C(CO)C(C)C1,0,0,1,0
CC(=O)OCCCC1CCCCC1,0,0,1,0
COC(=O)CCSCc1ccco1,0,1,0,0
C=C(C=O)C(C)CC(C)(C)C,0,0,0,1
COC(=O)c1cc(C)ccc1O,0,0,0,1
C=C(C)[C@H]1CC(=O)[C@]2(C)O[C@@H]2C1,0,0,0,1
CCCCCCCc1ccccn1,0,0,1,0
CCCCCCCC(COC(C)=O)OC(C)=O,0,0,1,0
CCCCCCC(=O)OC/C=C(\C)CCC=C(C)C,0,0,1,0
C[C@@H](CC=O)CCCC(C)(C)O,0,0,1,0
CCCCCC1CC(=O)C=C(C)C1C(=O)OCC,0,1,1,0
CC1=CCC[C@]2(C)CC[C@H](C(C)(C)O)C[C@@H]12,0,1,0,0
C[C@@H](O)c1ccccc1,0,0,1,0
CC1(C)CCCC2=C1CC(C=O)CC2,0,0,1,0
C/C(=C\CO)CCCC(C)CCCC(C)CCCC(C)C,0,0,1,0
CC(C)CCOC(Cc1ccccc1)OCCC(C)C,0,0,1,0
CC=Cc1cc(C(C)C)ccc1C,0,1,0,0
C/C=C/C(=O)OC1CCCCC1,0,1,1,0
CC(CCCC(C)(C)O)CC1OCC(C)O1,0,0,1,0
CC(=O)c1ccc(Cl)cc1,0,1,1,0
CCCCCCCCCCOC(=O)c1ccccc1N,0,0,1,0
COC(=O)c1ccccc1N=CC(C)Cc1ccc2c(c1)OCO2,0,0,1,0
C[C@@H](CO)c1ccccc1,0,0,1,0
CC/C=C\CCOCCC#N,0,0,1,0
CC(=O)OCCC1CC=C(C)C1(C)C,0,1,1,0
CCCCCCCC=Nc1ccccc1C(=O)OC,0,0,1,0
N#CCCCCCCC#N,0,1,1,0
CC(=O)CC(=O)OCC=C(C)CCC=C(C)C,0,1,0,0
CC1=C(O)C(=O)C(C)C1C,0,1,0,0
COC(=O)C1OC1(C)C1CC2C=CC1C2,0,0,1,0
CSC(C)CC(=O)OCC(C)C,1,1,0,0
CCCC(=O)OC1=C(C)OC(C)C1=O,0,1,0,0
CCC(C)C(=O)N(C)c1ccccc1,0,0,1,0
C=C[C@]1(C)CC[C@@H](C(C)(C)O)O1,0,0,1,0
CCCCCCC[C@@H]1CCC(=O)O1,0,1,0,0
O=C(/C=C\c1ccccc1)OCc1ccccc1,0,1,1,0
COC(=O)c1ccccc1N=C/C=C/c1ccccc1,0,1,0,0
Cc1ccc2c(c1)CC(C)(CO)C2,0,0,1,0
COc1c(C=O)c(C)cc2c1C(C)(C)CCC2(C)C,0,1,0,0
CC(C)OC(=O)CC1=CCCCC1,0,1,0,0
CC[C@@H](O)c1ccccc1,0,0,1,0
CC/C=C\C[C@H]1C(=O)CC[C@@H]1CC=O,0,0,1,0
CCC(=O)O[C@@H](C)c1ccccc1,0,1,1,0
CCC(C)CNCN=O,0,0,1,0
CCC=C(C=O)c1ccccc1,0,0,1,0
CC1(C)CCC=C2CC(C=O)CCC21,0,0,1,0
CCCC(CC=O)SC(C)=O,0,1,0,0
CC(C)=CCC/C(C)=C/COC(Cc1ccccc1)OC/C=C(\C)CCC=C(C)C,0,0,1,0
CCCCCCC=C1CCCC1=O,0,0,1,0
C=C(C)CCC[C@H](C)CCOC(=O)Cc1ccccc1,0,1,1,0
CCCCCC/C(C=Nc1ccccc1C(=O)OC)=C\c1ccccc1,0,0,1,0
CC(C)=CCCC(C)=CC1OCCO1,0,0,1,0
CC/C=C/C[C@H]1C(=O)CC[C@@H]1CC(=O)OC,0,1,1,0
CCCCC(=O)Oc1ccc(C)cc1,0,0,1,0
CC/C=C\CCOC(=O)C1CC1,0,0,1,0
CCCCCCCCCC(C)C=Nc1ccccc1C(=O)OC,0,0,1,0
C=C[C@@]1(C)CCC(C(C)C)=C[C@H]1C(=C)C,0,1,0,0
C=C(C)c1ccc(O)c(OC)c1,0,1,0,0
CC=CC(=O)CC,1,0,0,0
CC(C)=CCCC(C)CCOC(=O)/C=C/c1ccccc1,0,1,1,0
C/C=C/C(=O)CC,1,0,0,0
Cc1coc2c1CC(C)CC2,1,0,0,0
CCCCCCCCCC(=O)OCc1ccccc1,0,0,1,0
CCOC(=O)CC1CCCCC1,0,0,1,0
C[C@@H]1CC[C@@H](C(C)(C)O)[C@H](O)C1,0,0,0,1
CC(C)[C@@H]1CC[C@@H](C)C[C@H]1OC(=O)CCCC(=O)O,0,0,0,1
CCOC(=O)[C@@H]1O[C@H]1c1ccccc1,0,1,1,0
CCOC(=O)/C=C(\CC(=O)O)C(=O)O,0,1,0,0
C/C(=C\C=O)CC/C=C(\C)CC(C)C,0,0,1,0
CCOC(=O)[C@H](Cc1ccccc1)C(C)=O,0,1,1,0
CC(C)=CCC/C(C)=C\COC(=O)c1ccccc1,0,0,1,0
CC(C)=CCC/C(C)=C/CCC=O,0,0,1,0
CC[C@H](C)CCO,1,0,0,0
CCOC(=O)[C@@]12CCC[C@@H]1[C@@H]1CC[C@H]2C1,0,1,0,0
CC=CC(=O)C1C(C)CCCC1(C)C,0,0,1,0
CCOC(=O)Oc1ccc(C)cc1,0,0,1,0
CCCCCCCCCCCCCCCO,0,0,1,0
O=[O+][O-],1,0,0,0
O=COCCOc1ccccc1,0,1,0,0
O=C(Nc1ccc2c(c1)C(O)OC21c2ccc(O)cc2Oc2cc(O)ccc21)c1c(F)c(F)c(F)c(F)c1F,0,1,0,0
CC(=O)C=Cc1ccco1,0,1,0,0
CCCCC/C=C\CO,0,0,1,0
CC(C)/C=C(\C=O)c1ccccc1,0,1,0,0
C[C@H]1OCCC1=O,0,1,0,0
COC(=O)c1ccccc1N/C=C(\C)Cc1ccc2c(c1)OCO2,0,0,1,0
CC(=O)/C=C/C1=CCC[C@@H](C)C1(C)C,0,0,1,0
CCOC(=O)C1=C(CC)C(C)CCC1(C)C,0,0,1,0
CC=CC=CCO,0,1,0,0
Cc1ccc(OC(=O)c2ccccc2O)cc1,0,0,1,0
CC(C)=CCC/C(C)=C/CC/C(C)=C/CC/C(C)=C/CC/C(C)=C/CO,0,0,1,0
O=C(Cc1ccccc1)OCC=Cc1ccccc1,0,0,1,0
CC/C=C\CCOC(=O)CC(C)=O,0,0,1,0
CC1CCC2C1C1C(CCC2(C)O)C1(C)C,0,0,1,0
O=C[C@H](O)[C@@H](O)[C@H](O)CO,0,1,0,0
CCCCCC(=Cc1ccccc1)COC(C)=O,0,0,1,0
CCCCCCCC/C=C/OC,0,0,1,0
C=C/C(C)=C/CC(C)(C)/C(=N/O)C(C)C,0,0,1,0
CCc1ccc(CC=O)cc1,0,0,1,0
CC(C)C1CCC(C(C)CO)CC1,0,0,1,0
CCOc1cc(C=O)ccc1OC(=O)C(C)C,0,1,0,0
CCc1occc(=O)c1OC(=O)C(C)C,0,1,0,0
COc1ccc(C2CCc3ccc(O)cc3O2)cc1O,0,1,0,0
COc1ccc(C=CC=O)cc1,0,1,0,0
CC1=CC[C@@]2(CC1)[C@H](C)CC[C@H]2C(C)(C)O,0,1,1,0
CC1=CCC(C(C)(C)OC(=O)c2ccccc2)CC1,0,0,1,0
C/C=C\c1ccc(OC(=O)Cc2ccccc2)c(OC)c1,0,1,1,0
CCCOC(=O)/C=C/c1ccco1,0,1,0,0
CC1=C(C=CC(C)O)C(C)(C)CCC1,0,1,1,0
NCl,1,0,0,0
CC1(C)/C(=C\CO)C2CCC1C2,0,0,0,1
OCC1(O)COC(O)(CO)CO1,0,1,0,0
CCOC(=O)[C@H]1O[C@H]1c1ccccc1,0,1,1,0
O=C(/C=C\c1ccccc1)OC/C=C/c1ccccc1,0,1,1,0
C=C(C)C(CCC(C)=O)CC(=O)O,0,0,1,0
CC=C(C)C1CCC(C)(C)O1,0,0,0,1
C=C[C@@]1(C)CCC(C(C)C)=C[C@@H]1C(=C)C,0,1,0,0
CCCCCC1=CCCCC1=O,0,0,1,0
CC(=O)[C@@]1(C)CCC2=C([C@H]1C)C(C)(C)CCC2,0,0,1,0
CC1CCC2C(C)COC(=O)C2C1,0,1,0,1
CC1=CCCC(C)(C)C1C=CC(C)O,0,1,1,0
CCOC(=O)[C@@H]1O[C@@H]1c1ccccc1,0,1,1,0
CC1CCC(C(C)C)C(OC(=O)C(C)O)C1,0,0,0,1
CC=CC(=O)C1CCC(C)(C)C=C1C,0,0,1,0
O=C(C=Cc1ccccc1)OCCc1ccccc1,0,0,1,0
CC(C)C/C=C(/CO)C(C)C,0,0,0,1
CCC(=O)C=CC1C(C)=CCCC1(C)C,0,0,1,0
CC1(C)[C@H]2CC=C(C=O)[C@@H]1C2,0,1,0,1
C=C(C)CCC/C(C)=C/CC(C)C=O,0,1,1,0
CCOC(=O)[C@@H](Cc1ccccc1)C(C)=O,0,1,1,0
CC=CC(=O)C1C(C)C=CCC1(C)C,0,1,1,0
CCC=CCCOC(=O)C(C)CC,0,1,0,0
CC(C)/C=C/C=O,1,0,0,0
CC(C)C(=O)[O-].CCOc1cc(C=O)ccc1O,0,1,0,0
CCCCCC(=Cc1ccccc1)C(OC)OC,0,0,1,0
C=C1[C@@H]2CC[C@@H](C2)[C@@]1(C)CC/C=C(/C)COC(C)=O.CC(=O)OC/C(C)=C\CC[C@]1(C)C2CC3[C@H](C2)C31C,0,0,1,0
COC(=O)CCCC(=O)OC,0,0,1,0
CC(C)CC=C(C=O)c1ccccc1,0,1,0,0
c1ccc(Nc2ccccc2)cc1,0,0,1,0
CC1(C)C2CCC1(C)[C@H](O)C2,0,0,0,1
CC1CO1,0,1,0,0
CC(C)=CCC/C(C)=C\CCC=O,0,0,1,0
CC1=CC[C@H](C(C)C)CC1=O,0,0,0,1
C=C1C2CCC(C2)C1(C)CCC=C(C)COC(=O)Cc1ccccc1,0,0,1,0
CCCCCCCCC=Nc1ccccc1C(=O)OC,0,1,1,0
CSCC/C=C(\C=O)CSC,0,1,0,0
CC(=O)O[C@H]1CCC[C@@H](C(C)(C)C)C1,0,0,1,0
CC(C)=CCC/C(C)=C/C1OCCO1,0,0,1,0
CC(=O)O/C=C/c1ccccc1,0,1,0,0
CC(C)[C@@H]1CC[C@@H](C)C[C@H]1OCC(C)(O)CO,0,0,0,1
CCCCC=CCCCCC(=O)OCCC(C)C,0,0,1,0
CCCCC(C=O)=Cc1ccccc1,0,0,1,0
CCCCCC(O)CCCC(=O)OCC,0,1,0,0
C=CCc1ccc(O[C@@H]2O[C@H](CO)[C@@H](O)[C@H](O)[C@H]2O)cc1,0,1,0,0
CC(C)=CCC[C@](C)(O)[C@H]1CC=C(C)CC1,0,0,1,0
CC1OCCCCCO1,0,0,1,0
CC(=O)c1ccccc1.COC(=O)c1ccccc1N,0,0,1,0
CC(=O)CC(C)=O,0,0,0,1
CC(=O)C1CCCCC1,0,0,1,0
CC#C/C=C/Cc1ccccc1,0,0,0,1
C=C1C(=O)O[C@@H]2C[C@@]3(C)CCC[C@H](C)C3=C[C@H]12,0,0,0,1
O=Cc1ccc(N=C=S)cc1,0,0,1,0
C=CCC1CCOC1=O,0,0,0,1
CCCCCOC(=O)c1ccc(OC)cc1,0,0,1,0
CC(=O)OC(CCC(C)C)c1ccccc1,0,0,1,0
CC(C)CCC(C=O)=Cc1ccccc1,0,0,1,0
CCCCCC(=Cc1ccccc1)C(OCCCC)OCCCC,0,0,1,0
CCCCCC(=Cc1ccccc1)C(OCC=Cc1ccccc1)OCC=Cc1ccccc1,0,0,1,0
CCCCCC(C=Cc1ccccc1)OC(C)=O,0,0,1,0
C=CCc1ccc(OCCCCC)c(OC)c1,0,0,1,0
CC=Cc1ccc(OCCCCC)c(OC)c1,0,0,1,0
CC(C)CCOC(=O)C=Cc1ccco1,0,0,1,0
CC(C)=CCCC(C)=CC(=O)OCCC(C)C,0,0,1,0
CCCCCC(C=O)Cc1ccccc1,0,0,1,0
CCC(C)(C)c1ccc(CCO)cc1,0,0,1,0
CCCCCC(=O)c1ccccc1,0,0,1,0
CC(C)CCc1ccccn1,0,0,1,0
CCCCCc1ccncc1,0,0,1,0
CCCCCCCCC=CC(=O)OCCC(C)C,0,0,1,0
COC(=O)c1ccccc1N.COc1ccc(C=O)cc1,0,0,1,0
COc1ccc(C=CC(C)=O)cc1,0,0,1,0
CCCCOCCOC(OCCOCCCC)c1ccccc1,0,0,1,0
O=C(CCc1ccccc1)c1ccccc1,0,0,1,0
O=C(OCc1ccccc1)C(Cl)Cl,0,0,1,0
CCOCC(=O)OCc1ccccc1,0,0,1,0
O=C(C=Cc1ccccc1)c1ccccc1,0,0,1,0
CC(=Cc1ccccc1)C(=O)c1ccccc1,0,0,1,0
C1=C(Cc2ccccc2)c2ccccc2[N]1,0,0,1,0
CC(=O)C(C)Cc1ccccc1,0,0,1,0
O=C(CCl)OCc1ccccc1,0,0,1,0
CC(=O)OC(Cc1ccccc1)c1ccccc1,0,0,1,0
c1ccc(COc2ccccc2)cc1,0,0,1,0
c1ccc(CCOCc2ccccc2)cc1,0,0,1,0
C=COC=C.OCCCCO,0,0,1,0
C=CC(C)C1C=CCC(C=O)C1,0,0,1,0
C=CC(C)C1C=CCC(C)(C=O)C1,0,0,1,0
CCC=Cc1ccccn1,0,0,1,0
C=CCC(O)CC(C)C,0,0,0,1
CCCCOC(=O)c1ccc(OC)cc1,0,0,1,0
COc1ccc(C(=O)OCC(C)C)cc1,0,0,1,0
C=CCCOOCc1ccc(OC)cc1,0,0,1,0
CC(=O)OC(Cc1ccccc1)CC(C)C,0,0,1,0
CC(C)COCc1ccccc1,0,0,1,0
CC(=CC=O)CCC=C(C)CCC(C)C,0,0,1,0
CCCCC1=CCCC1=O,0,0,1,0
CC(C)Cc1ccc(CCC=O)cc1,0,0,1,0
CCCC=CC(=O)CCC(C)C,0,0,1,0
CCCCCCCOCC(C)C,0,0,1,0
CC(C)CC1=Cc2ccccc2[N]1,0,0,1,0
CC(C)=CCCC(C)(O)C=CCC(C)C,0,0,1,0
CC(C)=CCCC(C)(O)C1OC1CC(C)C,0,0,1,0
CCCCCCCCCCCCCCC(=O)OCC(C)C,0,0,1,0
CC(C)(C)c1ccc(CC=O)cc1,0,0,1,0
CC(C)COC(=O)CCc1ccccc1,0,0,1,0
CC(C)COC(=O)c1ccc2c(c1)OCO2,0,0,1,0
CCCC(=O)CC(=O)c1ccccc1,0,0,1,0
C=C(C)C1CC=C(C)C(C(=O)OC)C1,0,0,0,1
CCCCCCC1(C)Oc2ccccc2O1,0,0,1,0
ClC=Cc1ccccc1,0,0,1,0
CCCCCCOC(=O)CC=Cc1ccccc1,0,0,1,0
O=C(C=CC=Cc1ccccc1)c1ccccc1,0,0,1,0
CC(O)=CC=Cc1ccccc1,0,0,1,0
O=C(OCC=Cc1ccccc1)c1ccccc1O,0,0,1,0
C/C=C(\C)C(=O)OCC=Cc1ccccc1,0,0,1,0
CC(C)COC(=O)CC=Cc1ccccc1,0,0,1,0
CC(C)=CCCC(C)CC(OCCc1ccccc1)OCCc1ccccc1,0,0,1,0
CC(C)=CCCC(C)CC=O.c1ccc2[nH]ccc2c1,0,0,1,0
CC(C)=CCCC(C)CC=O.COC(=O)c1ccccc1N,0,0,1,0
CC(C)=CCCC(C)CC=C1CCC(=O)C1,0,0,0,1
CC(C)=CCCC(C)CCOC(=O)C(=O)[O-],0,0,1,0
CCCCCOCCCCC.Cc1ccc(O)cc1,0,0,1,0
Cc1ccc(O)cc1.c1ccc(COCc2ccccc2)cc1,0,0,1,0
CCCCOCCCC.Cc1ccc(O)cc1,0,0,1,0
CCOCC.Cc1cccc(O)c1,0,0,1,0
CCOCC.Cc1ccc(O)cc1,0,0,1,0
COC.Cc1cccc(O)c1,0,0,1,0
COC.Cc1ccccc1O,0,0,1,0
Cc1ccc(O)cc1.c1ccc(Oc2ccccc2)cc1,0,0,1,0
CCCOCCC.Cc1ccc(O)cc1,0,0,1,0
Cc1ccc(OC(=O)C=Cc2ccccc2)cc1,0,0,1,0
CC=CC1OC(C)CC(C)(C)O1,0,0,1,0
COC(CCCCCCC(OC)OC)OC,0,0,1,0
CC1=CCCC(C)(C)C1C=CC=O,0,0,1,0
CC1=C(C=CC=O)C(C)(C)CCC1,0,0,1,0
CC1=C(C=CC#N)C(C)(C)CCC1,0,0,1,0
CC1=C(CO)C(C)(C)CCC1,0,0,1,1
OC1CCCCC1C1CCCCC1,0,0,0,1
O=CC=C1CCCCC1,0,0,1,0
OCC1CCCCC1,0,0,0,1
OCCCC1CCCCC1,0,0,1,0
O=C1OCCCCCCCCCCO1,0,0,1,0
CCCCCCCCC=COC(=O)CC,0,0,1,0
CCCCCCCCCCOC(=O)Cc1ccccc1,0,0,1,0
CC(=O)c1cc(C(C)(C)C)cc(C(C)(C)C)c1,0,0,1,0
Cc1cc(C(C)(C)C)nc(C(C)(C)C)c1,0,0,1,0
CCC(O)(CC)Cc1ccccc1,0,0,1,0
C=C(C)C1CCC(C)C(C(=O)OC)C1,0,0,1,1
CC(=CC=O)CCCC(C)C,0,0,0,1
CC1CCCC(C)(C)C1CO,0,0,1,0
CC1=C(CCC(C)C)C(=O)CC1,0,0,1,0
CC(C)=C(CO)CCC(C)C,0,0,0,1
CC(C)=CCC(C=O)C(C)C,0,0,0,1
C=CCC1=CC=C2OCOC2C1,0,0,1,0
c1ccc(CCc2ccccn2)cc1,0,0,1,0
COC(=O)C(C)(C)C1CCC(C)CC1,0,0,0,1
COc1ccc(CCC(C)=O)cc1OC,0,0,1,0
CCCCCC1OCC(C)(C)CO1,0,0,1,0
COC(=O)Cc1ccc(C)cc1C,0,0,1,0
CCOC(=O)C(C)(C)Cc1ccccc1,0,0,1,0
CC(C)C(C)CCCCCCCCC=O,0,0,1,0
CC(C)=CC(C)=CCCO,0,0,1,0
CC(=O)OCC=C1C2CCC(C2)C1(C)C,0,0,1,0
COC(=O)CCC(C)CCCC(C)C,0,0,1,0
CC(C)CCCC(C)CCC(=O)OCc1ccccc1,0,0,1,0
Cc1ccc(CC=O)c(C)c1,0,0,1,0
COC(Cc1ccc(C)cc1C)OC,0,0,1,0
COC(=O)C(C)(C)c1ccccc1,0,0,1,0
CC(C)(CCc1ccccc1)C(=O)O,0,0,1,0
COc1ccc(C=O)c(OC)c1,0,0,1,0
CC1=CCCC(C)(C)C1CC(C)(C)C#N,0,0,1,0
CC1(O)CCC(C(C)(O)CO)CC1O,0,0,1,0
CCCCCCCCCCC=COC(=O)CC,0,0,1,0
CCCCCCCCCCCCC(=O)OCCCC,0,0,1,0
C1CCNCC1.CCO,0,0,1,0
CCOC(=O)COCc1ccccc1,0,0,1,0
CCc1ccc(CC(=O)OC)cc1,0,0,1,0
CCOC(=O)CC(=O)CCc1ccccc1,0,0,1,0
CCC(=O)C(C)(C)C,0,0,0,1
CCC(CC)COC(=O)COc1ccccc1,0,0,1,0
CCOC(C)Oc1ccc(C)cc1,0,0,1,0
CCC1CCC(O)CC1,0,0,1,0
CCCCOOC(=O)c1ccccc1O,0,0,1,0
CCOC(=O)C=Cc1ccco1,0,0,1,0
CCC(O)c1ccco1,0,0,1,0
CCC(C=C(C)C)CC(C)=CCC(C)=O,0,0,1,0
CCOC(=O)CO,0,0,0,1
CCC1=C[N]c2ccccc21,0,0,1,0
C=CC1(C)CCC(C(C)(CC)C(=O)OC)O1,0,0,1,0
CCOC(=O)C(C)(C)O,0,0,0,1
CCCCCCCCOCC(=O)OCC,0,0,1,0
CCc1ccc(OC(C)=O)cc1,0,0,1,0
CCOCCc1ccccc1,0,0,1,0
CCC(C=O)CCC1C(C)CCCC1(C)C,0,0,1,0
CCOC(=O)C1OC1c1ccc(C)cc1C,0,0,1,0
CC=Cc1ccc(O)c(OC)c1,0,0,1,0
CC(=O)C=CC=C(C)CCC=C(C)CCC=C(C)C,0,0,1,0
CC(C)CCOCOCCc1ccccc1,0,0,1,0
CCOCOCc1ccc(OC)cc1,0,0,1,0
CCOCOCC=Cc1ccccc1,0,0,1,0
COCOCCc1ccccc1,0,0,1,0
CC(C)=CCCC(C)=CCC(C)(C)C=O,0,0,1,0
COCC(=O)OCC=C(C)CCC=C(C)C,0,0,1,0
CC(=O)/C=C/c1ccc2c(c1)OCO2,0,0,1,0
O=C1OCCCCCCCO1,0,0,0,1
CCC=CCCCC(=O)OC(C)C,0,0,1,0
CCCCCCCOC(=O)c1ccccc1N,0,0,1,0
CCCCCCCOC(=O)C=Cc1ccccc1,0,0,1,0
CCCCCCCC1CCCC1O,0,0,1,0
CCCCCCCC1=CCCC1=O,0,0,1,0
CCCCCCCOC(=O)C=C(C)CCC=C(C)C,0,0,1,0
CCCCCCC=Nc1ccccc1C(=O)OC,0,0,1,0
CCCCCCCOCCc1ccccc1,0,0,1,0
CCCCCCCCCC=COCCCCCCC,0,0,1,0
CC(C)CCCC(C)CCCC(C)CC=O,0,0,1,0
O=CCOC1CC2CC1C1C=CCC21,0,0,1,0
O=C1OCCCCCCO1,0,0,0,1
CCCCC=C[C@H]1CCCO[C@H]1O[C@@H]1OCCC[C@@H]1C=CCCCC,0,0,1,0
CC(=O)OCCCC(C)C,0,0,1,0
CCCCCCC1CCC(OC(C)=O)O1,0,0,1,0
CCCCCCOC(=O)c1ccc(OC)cc1,0,0,1,0
CCCCCCOC(=O)c1ccccc1N,0,0,1,0
CC(C)CCCC1CCCCC1=O,0,0,0,1
CCCCCC=C1CCCCC1=O,0,0,1,0
CC=Cc1ccc(OCC)cc1,0,0,1,0
COc1ccc(C)cc1OC,0,0,1,0
O=CCc1ccc2c(c1)OCO2,0,0,1,0
CC(c1ccccc1)C(OCc1ccccc1)OCc1ccccc1,0,0,1,0
CC(C)COC(OCC(C)C)C(C)c1ccccc1,0,0,1,0
CC(c1ccccc1)C(OCCc1ccccc1)OCCc1ccccc1,0,0,1,0
CC1CCc2ccccc2N1,0,0,1,0
CC(C)COC(CCCCCCCCCO)OCC(C)C,0,0,1,0
CCOC(=O)c1ccccc1N=CCC(C)CCCC(C)(C)O,0,0,1,0
C=CC(C)(CCC=C(C)C)OC(=O)c1ccccc1N.CC(CC=O)CCCC(C)(C)O,0,0,1,0
CC(CC=O)CCCC(C)(C)O.COC(=O)c1ccccc1N,0,0,1,0
CC(=O)c1ccc(C=CCC(C)CCCC(C)(C)O)cc1,0,0,1,0
C/C(=C/CCC(C)CCO)CO,0,0,1,0
CC(O)CC(C)(C)C1CCCCC1,0,0,1,0
COc1ccc(C(C)=O)c(O)c1,0,0,1,0
CCC1CCC(C)(O)O1,0,0,1,0
CC(C)(O)CCCC1CCC(C=O)CC1,0,0,1,0
CCOC(CCOCc1ccccc1)OCC,0,0,1,0
CCOC(CCOc1ccccc1)OCC,0,0,1,0
CCOC(CCOc1cccc2c1C2)OCC,0,0,1,0
O=CCc1ccccc1.c1ccc2[nH]ccc2c1,0,0,1,0
COC(=O)c1ccccc1N=C(C)C=CC1C(C)=CCCC1(C)C,0,0,1,0
CCC=CCC1=C(C)CCO1,0,0,1,0
CC(=O)O.CC(C)=CCCC(C)(O)C1CO1,0,0,1,0
C=CC(C)(CCC=C(C)C)OC(=O)C=Cc1ccccc1,0,0,1,0
C=CC(C)(CCC=C(C)C)OC(=O)CC(C)CCC=C(C)C,0,0,1,0
C=CC(C)(CCC=C(C)C)OC(=O)CCCCCC,0,0,1,0
C=CC(C)(CCC=C(C)C)OC(=O)CCCCCCCC,0,0,1,0
C=CC(C)(CCC=C(C)C)OC(=O)C(C)=O,0,0,1,0
C=CC(C)(CCC=C(C)C)OC(=O)c1ccccc1O,0,0,1,0
CC1CCC(C(C)C)C(OC(=O)CC2CCCCC2)C1,0,0,1,0
CCC(=O)OC1CC(C)CCC1C(C)C,0,0,1,1
C=C(C)COc1ccc(OC)cc1,0,0,1,0
CCCCCC(C=O)=Cc1ccc(OC)cc1,0,0,1,0
COc1ccc(C=O)cc1C,0,0,1,0
COc1ccc(OCC=O)cc1,0,0,1,0
COC(CO)c1ccccc1,0,0,1,0
CCC(C(C)=O)c1ccc(OC)cc1,0,0,1,0
CCC(=O)c1ccccc1OC,0,0,1,0
CC(C)(C)CC1(C)Oc2ccccc2O1,0,0,1,0
CCCCCC1=C(C)CCCC1=O,0,0,1,0
CC(C)CCC1C(=O)CCC1C,0,0,1,0
COc1ccc(C(C)C(C)=O)cc1,0,0,1,0
Cc1ccc(C(=O)C=Cc2ccccc2)cc1,0,0,1,0
CC(=O)OC(C)Cc1ccccc1,0,0,1,0
Cc1cccc(CC2OCC(C)O2)c1,0,0,1,0
CCC(=O)OCc1cccc(C)c1,0,0,1,0
CCC(=O)OCc1ccc(C)cc1,0,0,1,0
CCCCC1(C)Oc2ccccc2O1,0,0,1,0
CC(=O)OC1CCC(C(C)(C)C)CC1C,0,0,1,0
Cc1c(CC(C)C)coc1C(=O)c1occ(CC(C)C)c1C,0,0,0,1
CCC(O)(CC(C)C)CC(C)C,0,0,0,1
COC(=O)c1ccccc1N=CC(C)=Cc1ccccc1,0,0,1,0
CC/C(C)=C\CCC(C)CCO,0,0,0,1
CCOC1CCC(C)CC1,0,0,1,0
CC(=O)OC(C)C1CCC(C)CC1,0,0,1,0
CC(=O)c1ccc2c(c1)OCO2,0,0,1,0
CCCCCC(C=O)=Cc1ccc2c(c1)OCO2,0,0,1,0
CCOc1ccccc1C(=O)OC,0,0,1,0
CCC(C)(O)Cc1ccccc1,0,0,1,0
CCC(Cc1ccccc1)OC(C)=O,0,0,1,0
CCC(C)(OC(C)=O)c1ccccc1,0,0,1,0
CCCCCCCC1C(=O)CCC1C,0,0,1,0
CC(C)CCCC(C)O,0,0,1,0
CC(C)CCCC1CCC(O)CC1C,0,0,1,0
CC(C)CCCC1CCC(C)CC1=O,0,0,1,0
CCCCCCC1=C(C)CCC1=O,0,0,1,0
CC(CO)Cc1ccccc1,0,0,1,0
CC(C=O)Cc1ccccc1,0,0,1,0
CC(=O)OCC(C)Cc1ccccc1,0,0,1,0
CC(=O)c1cccc(C)c1O,0,0,1,0
CC(=O)C(C)=CC1C(C)=CCCC1(C)C,0,0,1,0
CC(=O)C(C)=CC1=C(C)CCCC1(C)C,0,0,1,0
C=C1CCCC(C)(C)C1C=C(C)C(C)=O,0,0,1,0
COC(=O)CC1CCC(=O)C1CC=C(C)C,0,0,1,0
CC=CC(C)(O)CCC=C(C)C,0,0,1,0
CC1=CCCC(C(=O)CC(=O)CC(C)C)C1,0,0,1,0
CCC(C)=CC(C=C(C)C)CC(C)=O,0,0,1,0
COC(=O)c1ccc(C)cc1O,0,0,1,0
CCCCCC1CC(C)C(=O)O1,0,0,0,1
CCCCCCC(C)CC=O,0,0,1,0
CCCCCCCCOCC(=O)OC,0,0,1,0
CC=C(C)CCC(=O)Oc1ccccc1,0,0,1,0
CC=C(C)CCC(=O)OCc1ccccc1,0,0,1,0
CC=C(C)CCOC(=O)c1ccccc1O,0,0,0,1
CCCOC(=O)C(C)c1ccccc1,0,0,1,0
CC(C)OC(=O)C(C)c1ccccc1,0,0,1,0
CCCCCCCOC(=O)C(C)c1ccccc1,0,0,1,0
CC(C(=O)OC=Cc1ccccc1)c1ccccc1,0,0,1,0
CC(C)(O)CCCc1ccccc1,0,0,1,0
CC(C)C(O)CCc1ccccc1,0,0,1,0
COCCCc1ccccc1,0,0,1,0
CC(CC=O)C(C)c1ccccc1,0,0,1,0
CC(C)C(C)C(=O)c1ccccc1,0,0,1,0
CC(C)C1CCC(CC(C)C(C)O)CC1,0,0,1,0
CC(C)c1ccc(CC(C)C2OCCO2)cc1,0,0,1,0
CC(=O)OCC(C)Cc1ccc(C(C)C)cc1,0,0,1,0
CCCC(=O)OCC(C)Cc1ccc(C(C)C)cc1,0,0,1,0
CC(C)C(C)(O)c1ccccc1,0,0,1,0
Cc1cccc2cccnc12,0,0,1,0
Cc1cccc(CCCC(C)CO)c1,0,0,1,0
CCCCCCCCCC#CC(=O)OC,0,0,1,0
CC(=O)Oc1ccccc1N=C(C)c1c(C)c([N+](=O)[O-])c(C(C)(C)C)c([N+](=O)[O-])c1C,0,0,1,0
Oc1ccc2ccccc2c1.c1ccc(COCc2ccccc2)cc1,0,0,1,0
CCCCOCCCC.Oc1ccc2ccccc2c1,0,0,1,0
CC(C)COCC(C)C.Oc1ccc2ccccc2c1,0,0,1,0
CCCOCCC.Oc1ccc2ccccc2c1,0,0,1,0
CCCCCC(=O)OC/C=C(/C)CCC=C(C)C,0,0,1,0
C=CCCCCCCCO,0,0,1,0
CCCCCCCCCC1CCOC1=O,0,0,1,0
CCCCCCCCCC1CCC(=O)CC1,0,0,1,0
C=C/C(C)=C/C=C/C(C)C,0,0,1,0
CCCCCCCCOC(=O)c1ccccc1N,0,0,1,0
CCCCCCC(C)OC(=O)C(C)C,0,0,1,0
CCCCCCCCC1CCC(=O)CC1,0,0,1,0
CCCCCCCCC1CCCC1=O,0,0,1,0
CCCCC=C1CCCCC1=O,0,0,1,0
CC(C)CC(=O)OCCOc1ccccc1,0,0,1,0
COC(Cc1ccccc1)OCCC(C)CCC=C(C)C,0,0,1,0
CC(C)=CCCC(C)CCOC(Cc1ccccc1)OCCc1ccccc1,0,0,1,0
c1ccc(COC(Cc2ccccc2)OCc2ccccc2)cc1,0,0,1,0
CC(C)=CCCC(C)CCOC(Cc1ccccc1)OCCC(C)CCC=C(C)C,0,0,1,0
CCC1COC(Cc2ccccc2)O1,0,0,1,0
CC1CCOC(Cc2ccccc2)O1,0,0,1,0
C=CC(O)c1ccccc1,0,0,1,0
Nc1ccccc1C(=O)Oc1ccccc1,0,0,1,0
O=CCCCc1ccccc1,0,0,1,0
O=C(C=Cc1ccccc1)Oc1ccccc1,0,0,1,0
CCC(OC(C)=O)c1ccccc1,0,0,1,0
CCC(O)CCc1ccccc1,0,0,1,0
CCC(CCc1ccccc1)OC(C)=O,0,0,1,0
CC(=O)C=CCc1ccccc1,0,0,1,0
C=C(C)C(=O)OCCc1ccccc1,0,0,1,0
O=C(CS)OCCc1ccccc1,0,0,1,0
Nc1ccccc1C(=O)OCC(O)c1ccccc1,0,0,1,0
C=CC(=O)OCC(O)c1ccccc1,0,0,1,0
CC(=O)OC(CO)c1ccccc1,0,0,1,0
O=C(OC(CO)c1ccccc1)c1ccccc1,0,0,1,0
CCC(=O)OCC(O)c1ccccc1,0,0,1,0
O=C(Cc1ccccc1)OCC(O)c1ccccc1,0,0,1,0
CCOC(CCc1ccccc1)OCC,0,0,1,0
CC1CC(C)(C)OC(CCc2ccccc2)O1,0,0,1,0
c1ccc(CCC2OCCO2)cc1,0,0,1,0
C=CCCCCCCCCC(=O)OCCCc1ccccc1,0,0,1,0
c1ccc(-c2ccccn2)cc1,0,0,1,0
C=CC(=C)c1ccccc1.CC(C)=O,0,0,1,0
CC(=O)C(C)(C)C,0,0,0,1
CCOC(=O)OCc1ccc2c(c1)OCO2,0,0,1,0
CC(=O)OC(OC(C)=O)c1ccc2c(c1)OCO2,0,0,1,0
CCCOC(=O)c1ccc(OC)cc1,0,0,1,0
COc1ccc(C(=O)OC(C)C)cc1,0,0,1,0
CC(C)C(O)Cc1ccccc1,0,0,1,0
CC(C)c1ccc(CC(C)(C)O)cc1,0,0,1,0
CC(C)C1CCCCC1.CCO,0,0,1,0
CC(C)C1CCC(CCCO)CC1,0,0,1,0
CC(C)C1=C[N]c2ccccc21,0,0,1,0
CCCC(O)c1ccc(C(C)C)cc1,0,0,1,0
CC(C)c1ccc(CCO)cc1,0,0,1,0
CCCOCCc1ccccc1,0,0,1,0
CCCNc1ccc(C)cc1,0,0,1,0
CC(C)=CCCC(C)=CC=CC(=O)CC(C)C,0,0,1,0
CCC(=O)C=CC=C(C)CCC=C(C)C,0,0,1,0
C=C(C)C1CCC(C)CC1OC(=O)CC(C)=O,0,0,0,1
C=C(C)C1C=CC(C)C(=O)C1,0,0,0,1
C(=Cc1ccccc1)c1ccccc1,0,0,1,0
CC1(C)C2CCC(C)(C3(C)CCC4CC3(C3(C)CCC5CC3C5(C)C)C4(C)C)C1C2.Nc1ccccc1C(=O)O,0,0,1,0
CC1(C)C2CCC(C)(C3(C)CCC4CC3(C3(C)CCC5CC3C5(C)C)C4(C)C)C1C2.O=C(O)c1ccccc1,0,0,1,0
CC1(C)C2CCC(C)(C3(C)CCC4CC3(C3(C)CCC5CC3C5(C)C)C4(C)C)C1C2.O=C(O)C=Cc1ccccc1,0,0,1,0
CC1(C)C2CCC(C)(C3(C)CCC4CC3(C3(C)CCC5CC3C5(C)C)C4(C)C)C1C2.O=CO,0,0,1,0
O=CC=CC1CC=CCC1,0,0,1,0
CC(=CC=O)CCCC(C)CCCC(C)C,0,0,1,0
CC=CC(=O)OCC1CCCO1,0,0,1,0
CC(C)CCC(CO)C(C)C,0,0,1,0
OCCC1CCCc2ccccc21,0,0,0,1
CC=CC(=O)OC1CCCCO1,0,0,1,0
CC1CC(O)C2(C(C)C)CC12,0,0,0,1
CC(Cl)(OCl)c1ccccc1Cl,0,0,1,0
CCCCCCCCCCCCCOC(C)=O,0,0,1,0
CCCCCC1(C)OCC(C)C(C)O1,0,0,1,0
CC1=CC(C)(C)CCC1=O,0,0,0,1
CC(=O)C=CC1C(C)C=C(C)CC1C,0,0,1,0
CC(C)CCCC(C)CCCC(C)C=O,0,0,1,0
CCCCCCCCCC=COC(C)=O,0,0,1,0
COC(=O)c1ccccc1N.COc1cc(C=O)ccc1O,0,0,1,0
COc1cc(COC(C)=O)ccc1O,0,0,1,0
COc1cc(C(OC(C)=O)OC(C)=O)ccc1O,0,0,1,0
CC1=CC(=O)CC(C)C2CC(=C(C)C)CC12,0,0,1,0
Cc1cccc(C)c1CCO,0,0,1,0
CCCCC/C(=C/c1ccccc1)C(OC)OC,0,0,1,0
CCCCC/C(=C\c1ccccc1)COC=O,0,1,0,0
CC1(C)/C(=C/CO)C2CCC1C2,0,0,0,1
C=C(C)[C@@H]1CCC2=CCC[C@@H](C)[C@@]2(C)C1,0,1,0,0
COC(C)(C)CCC[C@@H](C)CC=O,0,1,1,0
COC(C)(C)CCC[C@H](C)CC=O,0,1,1,0
CC#CC#CCc1ccccc1,0,1,0,0
C=CCSC(C(=O)CC(C)C)C(C)C,0,0,1,0
C=C/C=C\C#CCCCCC,0,0,1,0
CC1=CC(O)C[C@@H](C)[C@]12CCC(=C(C)C)C2,0,1,0,0
C[C@@H]1CC(=O)C(=O)[C@@H]1C,0,1,0,0
C[C@H]1CC(=O)C(=O)[C@@H]1C,0,1,0,0
C[C@@H]1C(=O)C(=O)C[C@H]1C,0,1,0,0
C[C@H]1CC(=O)C(=O)[C@H]1C,0,1,0,0
CC(C)=CCCC(C)=CCOCC=O,0,1,0,0
CCCC/C(C=O)=C/c1ccccc1,0,0,1,0
CCCCOC(=O)/C=C\c1ccccc1,0,1,0,0
CC(C)(C)[C@H]1CCCCC1=O,0,0,0,1
CC(C)(C)[C@@H]1CCCCC1=O,0,0,0,1
CCCCC1(O)C(C)=CC(=O)CC1(C)C,0,1,0,1
C=C(C)[C@@H]1CC=C(C)[C@H](OC(=O)CC)C1,0,0,0,1
C=C(C)[C@@H]1CC=C(C)[C@@H](OC(=O)CC)C1,0,0,0,1
C=C(C)[C@H]1CC=C(C)[C@@H](OC(=O)CC)C1,0,0,0,1
C=C(C)[C@H]1CC=C(C)[C@H](OC(=O)CC)C1,0,0,0,1
CC(C)=CCCC(C)=CC1OCC(C)O1,0,1,0,0
CC=CCSC(C(=O)CC(C)C)C(C)C,0,0,1,0
CCCC[C@@H](CC)COC(=O)c1ccccc1O,0,1,1,0
CCCC[C@H](CC)COC(=O)c1ccccc1O,0,1,1,0
CC1C(=CCC#N)C2C=CC1C2,0,0,1,0
O=C1CCCCCC/C=C\CCCCCCC1,0,0,1,0
Cc1occc1SSC1CCCCC1,0,1,0,0
CCCCCCOC(=O)CCc1ccccc1,0,1,0,0
CCCCC(=O)C1=C(C)CCCC1(C)C,0,1,0,0
O[C@@H]1CC[C@@H]2CCCC[C@@H]2C1,0,0,1,1
O[C@@H]1CC[C@@H]2CCCC[C@H]2C1,0,0,1,1
O[C@H]1CC[C@@H]2CCCC[C@@H]2C1,0,0,1,1
O[C@H]1CC[C@@H]2CCCC[C@H]2C1,0,0,1,1
CCCC(=O)C(CC)SC(C(=O)CC(C)C)C(C)C,0,0,1,0
CCCCCC[C@@H]1CCCC1=O,0,0,1,0
CC/C=C/C(=O)C(OC)OC,0,1,0,1
C=C1[C@H]2CC[C@@H]3[C@H]2C(C)(C)CCC[C@]13C,0,1,0,0
C/C=C\c1ccc(OC(C)OCC)c(OC)c1,0,1,1,0
CC(=O)CC1C2CCC(C2)C1(C)C,0,1,0,0
C[C@H]1C(C)(C)C2=C(c3ncncc3CC2)C1(C)C,0,0,1,0
CCOC(=O)[C@@H]1[C@H](C=C(C)C)C1(C)C,0,1,1,0
CCOC(=O)[C@H]1[C@@H](C=C(C)C)C1(C)C,0,1,1,0
CCOC(=O)[C@H]1[C@H](C=C(C)C)C1(C)C,0,1,1,0
CC(C=O)=CCC1C(C)=CCCC1(C)C,0,1,0,0
CC(C)=CCCC(C)=CCOC(=O)c1ccccc1,0,1,0,0
CCC1OCCC(C)S1,0,0,1,0
CC(CC=O)C1CCC(C)(O)CC1,0,0,1,0
CCCCCC/C=C/CCCCCCCC(=O)OC/C=C(\C)CC/C=C(\C)CCC=C(C)C,0,1,1,0
CC1=CCCC(=C(C)C)C1=O,0,0,0,1
CC(C)[C@H]1CC[C@H](C)C(=O)C1,0,0,0,1
CC(=O)CC(=O)O[C@@H]1C[C@H](C)CC[C@H]1C(C)C,0,0,0,1
COc1ccc(C=C(C)C=O)cc1,0,0,1,0
CC1=CCC23CC1C(C)(C)[C@@H]2CC[C@H]3C,0,1,0,0
CC(C)C(=O)OC[C@H](C)c1ccccc1,0,0,1,0
CCCC(=O)OC[C@H](C)c1ccccc1,0,1,0,0
CC(O)/C=C\c1ccccc1,0,1,1,0
C/C=C/C=C/C=C/C=C/CCCCCCO,0,1,0,0
CC(=O)/C=C/CC(C)CCCC(C)C,0,1,1,0
CC(=O)C=CC(C)C,0,1,0,0
CC=Cc1cc(OC)c(O)c(OC)c1,0,1,0,0
CCCCC/C(C=O)=C/c1ccc(C)cc1,0,0,1,0
CC1COC(=O)O1,0,0,0,1
CC(=O)c1oc(C)c2ccccc12,0,0,1,0
CC=CC=C1C(C)=CC(=O)CC1(C)C,0,1,0,0
C=CC(C)CCC=C(C)CCC=O,0,0,1,0
CC(C)=CCCC(C)=CCCC(C)=CC=O,0,0,1,1
C=C1CCC(C(C)(C)OC(=O)c2ccccc2)CC1,0,0,1,0
CC1CC2C(CC1=CCC#N)C2(C)C,0,0,1,0
COC(=O)OC1CC/C=C\CCC1,0,0,1,0
CC1=CCC(C)C(C)(C)C12C=CC(C)O2,0,0,0,1
CC(C)=CCC(=O)c1ccoc1,0,0,0,1
Cc1ncc2c(n1)C(C)OC2C,0,1,0,0
C=C(C)C1CCC(C)CC1C(=O)NCC,0,0,0,1
CC(C)C1OC2(C)CCC1C(C)C2,0,0,0,1
C=CCC(O)C1CC=C(C)CC1C,0,0,1,0
CCC/C=C(/C#N)c1ccccc1,0,0,1,0
CC(C)(C)c1cc(CCC(=O)OCCNC(=O)C(=O)NCCOC(=O)CCc2cc(C(C)(C)C)c(O)c(C(C)(C)C)c2)cc(C(C)(C)C)c1O,0,0,1,0
CC(=O)O[C@H]1CC[C@@H](C(C)(C)C)CC1,0,0,1,0
CC(=O)OC1=C(C)O[C@H](C)C1=O,0,1,0,0
CC(=O)OC1=C(C)O[C@@H](C)C1=O,0,1,0,0
COc1ccc(C(=O)CCc2ccccn2)c(O)c1,0,1,0,0
C[C@@H](C=O)c1ccccc1,0,0,1,0
COc1ccc(NC(=O)[C@@H]2C[C@H](C)CC[C@H]2C(C)C)cc1,0,0,0,1
O=C(CCc1ccncc1)c1ccccc1O,0,1,0,0
C/C=C\CCCCCCCC#N,0,0,1,0
CC[C@H](C)C(=O)O,0,1,0,0
OC[C@@]1(O)CO[C@](O)(CO)CO1,0,1,0,0
CC=C(C)C=CC=C(C)C,0,1,1,0
CCC(=O)C[C@H](C)CC,0,1,0,0
CCC(=O)C[C@@H](C)CC,0,1,0,0
CC(=CC#N)CCc1ccccc1,0,0,1,0
C1CCOCC1,1,1,0,0
CCCCCC1=CC(=O)CCC1,0,0,1,0
CC(=O)C1(C)CCC2=C(C1C)C(C)(C)CCC2,0,0,1,0
CC1=CCC2[C@H](C1)C2(C)C,0,1,0,0
CC(C)=CCC/C(C)=C\COC/C=C(\C)CCC=C(C)C,0,0,1,0
CC(=CC=O)CCC=C(C)CC(C)C,0,0,1,0
CC1CC[C@@H](C(C)(C)O)[C@H](O)C1,0,0,0,1
C=CC(C)(O)CCC=C(C)CCC=C(C)CCC=C(C)C,0,0,1,0
C=C[C@]1(C)CC[C@H](C(=C)C)C[C@@H]1C(=C)C,0,1,0,0
CC1CCCC(C)(C)C1,0,1,0,0
C=C(CO)[C@H]1CC=C(C)CC1,0,0,0,1
CC=CCCCO,1,0,0,0
CC/C=C/CC/C=C\C#N,0,0,1,0
CCC=CC=O,1,0,0,0
C/C=C/C=C/C(=O)OCCC,0,1,0,0
CC1=CC2C(C(C)C)CC1CC2C1OCCO1,0,0,1,0
C=C(C)[C@@H]1CC(=O)[C@@]2(C)O[C@H]2C1,0,0,0,1
CC(C)=CC1OCCC(C)O1,0,0,1,0
CC(C)C1CC(c2ccccc2)C=CO1,0,1,0,0
CCC=CC(=O)O,1,0,0,0
C=C[C@]1(C)CC[C@H]([C@H](C)C=O)O1,0,1,0,0
C=C[C@]1(C)CC[C@H]([C@@H](C)C=O)O1,0,1,0,0
CC(=O)CC[C@H]1C(C)=CCCC1(C)C,0,0,1,0
CC(=O)CC[C@@H]1C(C)=CCCC1(C)C,0,0,1,0
C=C1CCCC(C)(C)[C@H]1CCC(C)=O,0,0,1,0
C=C1CCCC(C)(C)[C@@H]1CCC(C)=O,0,0,1,0
CC1=C(CC[C@@H](C)O)C(C)(C)CCC1,0,0,1,0
CC[C@H](C)CC=O,1,0,0,0
CC(C)[C@H](C)CCC(C)(C)O,0,0,1,0
CC(C)[C@@H](C)CCC(C)(C)O,0,0,1,0
C[C@@H]1CCC(=O)O1,0,1,0,0
CC[C@@H]1CCC(=O)O1,0,1,0,0
CCCCCC[C@@H]1CCC(=O)O1,0,1,0,0
CCCCCC[C@@H]1CCCC(=O)O1,0,1,0,0
CCCCCCC[C@H]1CCCC(=O)O1,0,1,0,0
C=C[C@@](C)(O)CC/C=C(\C)CCC=C(C)C,0,1,0,0
C[C@H]1OCCCCCCCCCCCOC1=O,0,1,0,0
C[C@H]1OCCCCCCCCCCCCOC1=O,0,1,0,0
C[C@@H](C=O)Cc1ccc2c(c1)OCO2,0,1,1,0
C[C@H](C=O)Cc1ccc2c(c1)OCO2,0,1,1,0
CC1CCC(C(C)C)C(OC(=O)CCCC(=O)O)C1,0,0,0,1
COC(=O)C(C)C(C)OC(C)=O,0,1,0,0
CC(=O)C=C(C)CCC=C(C)C,0,0,1,0
CC(C)[C@@H]1CC[C@H](C)C[C@H]1OCC(C)(O)CO,0,0,0,1
CCCCCCCCCC(=O)OOCC,0,1,0,0
CSC(C)CC(C)=O,1,0,0,0
CCCCCCCC1CC1C(=O)O,0,0,1,0
Cc1cc2occ(C)c2c2c1CC[C@H](C)C2,0,1,0,0
CCCC/C=C/COC(=O)CC(C)C,0,1,0,0
CC1CCC(CCCC(=O)O)C1(C)C,0,1,0,0
CC(C)[C@H]1CC[C@@H](CO)CC1,0,0,1,0
CCOC(=O)/C=C/SC,0,1,0,0
CCOC(=O)/C=C\SC,0,1,0,0
CCCC(SCc1ccccc1)SCc1ccccc1,1,0,0,0
C=CC1(C)CCC(C(C)(O)CCC=C(C)C)O1,0,0,1,0
C=C(C)[C@H]1CCC2(C)OC2C1,0,0,0,1
CC1=C(O)C(=O)CC1(C)C,0,1,0,0
CCCCCSS,0,1,0,0
CCCC1(C(C)(C)C)CCC(C)O1,0,1,0,1
C=CCc1ccc2c(c1)OCC(=O)CO2,0,0,1,0
CC(C)=CCC1(C)CC(C)C=C(C)C1=O,0,0,1,0
CC(C)=CCC1(C)CCC(C)=C(C)C1=O,0,0,0,1
CC1=CCCC(C)(Cc2ccccc2)C1=O,0,0,0,1
CC(CCC#N)C1CCCC1,0,0,1,0
OCCCCC1=CCCC1,0,0,1,0
CCCCCC1=C(C)COC1=O,0,0,1,0
Cc1cc(CC(C)C)ccc1CCC=O,0,0,1,0
COC(C)OC(C)OCc1ccccc1,0,1,0,0
CC(C)OC(C)OC(C)C,1,0,0,0
CC(OCCc1ccccc1)OCCc1ccccc1,0,0,1,0
CCOC(C)OCC(C)CC,1,0,0,0
CCOCCOCCC(C)C,1,0,0,0
CCOC(C)OC,1,0,0,0
CCCOC(C)OCC,1,0,0,0
CC(=O)OCCCCOC(C)=O,0,1,0,0
C=CCOC(=O)/C=C/C,1,0,0,0
C=CCSSSSC,1,0,0,0
CCCCCOC(=O)/C=C/c1ccccc1,0,1,1,0
CCCCCCCCOCc1ccccc1,0,0,1,0
CC(C)=CC/C=C(\C)C1CC=C(C)CC1,0,1,1,0
C=C1CCC2C1C1C(C(C)C)CCC21C,0,0,0,1
CCC(C)OC(=O)C(C)O,0,1,0,0
CC(=O)OC(C)C1CC=C(C)C1(C)C,0,0,1,0
CC(C)[C@@H]1CC[C@@H](C)[C@H](O)C1,0,0,0,1
C=C(C)[C@@H]1CC=C(C)[C@H](OC(C)=O)C1,0,1,0,0
CC1=CC[C@@]23C[C@@H]1C(C)(C)[C@@H]2CC[C@@H]3C,0,1,0,0
C=C1CC[C@@]23C[C@@H]1C(C)(C)[C@@H]2CC[C@H]3C,0,1,0,0
CCCCCCCCCC(=O)OCCC(C)CCC=C(C)C,0,0,1,0
CCCCCCCCCCCC(=O)OCCC(C)CCC=C(C)C,0,0,1,0
CCCCCCC/C=C\C(=O)O,0,1,0,0
C=CC(OCC)OCC,1,0,0,0
c1coc(Cc2ccoc2Cc2ccco2)c1,0,0,1,0
COc1cc(CCC=O)ccc1O,0,1,0,0
COc1ccc(C2OC(C)C(C)O2)cc1,0,0,1,0
CC1CCC(C)O1,0,1,0,1
CSCC/C=C(/C=O)CSC,0,1,0,0
C=CCCCCCCCCCC,0,1,0,0
CC(C)=CC(=O)C=C1COC1=O,0,1,0,1
CCOc1ccccc1OC,0,1,0,0
CCOCCC(=O)O,1,0,0,0
CCCC(=O)C(C)(O)C(=O)OCC,0,1,0,0
CCOC(=O)c1ccccc1CO,0,0,1,0
CC1OC(c2ccc3c(c2)OCO3)OC1C,0,0,1,0
CCC/C=C/CCO,0,0,1,0
CCCCCC(=O)OC(C)CCCCC,0,1,0,0
CCCCC=COC(=O)c1ccc(OC)cc1,0,0,1,0
CCCCCCCC/C=C\CCCCCCCC(=O)OCCCCCC,0,1,0,0
COCc1ccc(O)cc1,0,1,0,0
C[C@@H]1CC(C)(C)CC(=O)C1=O,0,1,0,0
CC(C)CCOC(=O)C(C)c1ccccc1,0,1,0,0
C=C(C)C(=O)OCC(C)C,1,0,0,0
CC(C)C=NCc1ccco1,0,0,1,0
C/C=C/c1ccc(OC(=O)CC(C)C)c(OC)c1,0,1,0,0
C=C(C)C=COC(=O)c1ccccc1,0,1,1,0
Cc1nccnc1OC(C)C,0,1,0,0
C/C=C/C(=O)OC(C)C,0,1,0,0
CCCCCCCCCCCC(=O)OC(C)C,0,0,1,0
CC(=O)CCC(=O)OC(C)C,0,1,0,0
CC(C)OC(=O)c1cccnc1,0,0,1,0
CC(C)c1ccncc1,0,1,0,0
CC(=O)OC1=C(C(C)C)CCC(C)=C1,0,0,0,1
CC(=O)OC1C=C(C)CCC1C(C)C,0,1,0,0
CCCCCC(=O)OC1CC(C)CCC1C(C)C,0,1,0,1
CC1CCC(C(C)C)C(OC(=O)Cc2ccccc2)C1,0,0,0,1
COC(C=Cc1ccccc1)OC(C)=O,0,0,1,0
CSSSCc1ccco1,1,0,0,0
COCc1ccc(OC)cc1,0,0,1,0
C/C=C/SSC,1,0,0,0
COC(=O)C(C)=O,0,1,0,0
COC(=O)C=C(C)C,0,1,0,0
CC(=O)OCc1ccccc1C,0,1,1,0
CC(=O)OCc1cccc(C)c1,0,1,0,0
CCC(C)COC(=O)c1ccccc1,0,1,1,0
CCCCCCCCCC(=O)OC(C)CCC,0,1,0,0
CC1OC=CC1=O,0,1,0,0
CCC(=O)C(C)SSc1ccco1,0,1,0,0
CCCC(O)C(C)C,0,0,1,0
CC(=O)CCC(C)C,0,1,0,1
CC(=O)/C(C)=C\C1C(C)=CCCC1(C)C,0,1,1,0
Cc1ccsc1C,0,1,0,0
CCCC(C)CO,0,1,0,0
CCCC(=O)OC(C)Cc1ccccc1,0,0,1,0
Cc1ccsc1,1,0,0,0
CC1(C)C2CCC(CO)C1C2,0,0,0,1
CC(=O)OCC1CCC2CC1C2(C)C,0,1,0,0
CC(C)=CCC/C(C)=C/C(O)C=O,0,1,1,0
CCCCCCCCCCCCCCCCOC(C)=O,0,1,0,0
C/C=C\C(C)=O,1,0,0,0
CCCCCCCCCC(=O)OCCc1ccccc1,0,0,1,0
O=CC(=Cc1ccccc1)c1ccco1,0,1,1,0
C=CC(CC=O)c1ccccc1,0,0,1,0
O=C(CCc1ccccc1)OCCCc1ccccc1,0,1,1,0
O=COCc1ccc2c(c1)OCO2,0,1,1,0
CCC(=O)c1cc(OC)c(O)c(OC)c1,0,1,1,0
CCCC1NCCS1,1,0,0,0
CC(C)[C@]12CC[C@@](C)(O)[C@@H]1C2,0,1,0,1
COc1cc(CO)cc(OC)c1O,0,0,1,0
CC(O)C(N)C(=O)O,0,1,0,0
CCCCCCCCCC(=O)Oc1ccccc1C,0,1,1,0
CCOC(=O)C(S)CC,0,1,0,0
CCC(=O)C(O)c1ccccc1,0,1,1,0
CCC(=O)C(C)Sc1ccco1,0,1,0,0
Cc1cnc(CC(C)C)c(C)n1,0,0,0,1
C/C=C/C=C\COC(=O)C(C)C,0,1,0,0
CCC(S)C(=O)OC,0,1,0,0
CCCCCCC(C)C(C)=C(C)O,0,0,1,0
CCOC(C)OCc1ccccc1,0,1,0,0
CCCCCCOC(C)OCc1ccccc1,0,1,0,0
CC(OCc1ccccc1)OCc1ccccc1,0,1,0,0
CCCCCOCc1ccccc1,0,0,1,0
COc1ccc(C2OCC(C)O2)cc1,0,1,1,0
CCCCOC(OCCCC)c1ccccc1,0,1,0,0
CCCC1C=CC(=O)O1,0,1,0,0
CC(C)=CCCC(C)CC1OCC(C)O1,0,0,1,0
CCC1(C)OCC(C)O1,0,0,0,1
CC1COC(c2ccc3c(c2)OCO3)O1,0,1,1,0
COCC(C)c1ccccc1,0,0,1,0
CCCCOC(CC(C)CCCC(C)(C)O)OCCCC,0,0,1,0
CCOC(CCCCCC(C)C)OCC,0,1,1,0
CCCC(=O)OC(CC)COC(C)=O,0,1,0,0
C=CCOC(=O)C(C)CC,0,1,0,0
C=CCOC(=O)C(C)=O,0,1,0,0
C/C=C\C(=O)OCCCCC,1,0,0,0
C/C=C(\C)C(=O)OCCCCC,0,1,1,0
CCCCCC(=O)OCc1ccc(OC)cc1,0,1,0,0
C=C(C)C1CC=C(C)C(OC=O)C1,0,1,0,1
CCCCC(=O)OC/C=C/c1ccccc1,0,0,1,0
CCCCCCCC(=O)OCCC(C)CCC=C(C)C,0,0,1,0
CCCCCC(=O)Oc1ccc(C)cc1,0,0,1,0
CC(=O)CC(=O)OC1CCCCC1,0,1,0,0
CC(C)C(=O)OCCC1CCCCC1,0,1,0,0
CC(C)CC(=O)OCCC1CCCCC1,0,1,0,0
CCC(=O)OCCC1CCCCC1,0,1,0,0
CCCCC(=O)OCCC1CCCCC1,0,1,0,0
CCCCCCCCCCOC(=O)CCCCCCC,0,0,1,0
CCC(C)(CCC=C(C)C)OC(C)=O,0,1,1,0
CC(=O)OCc1ccc(C)cc1C,0,1,1,0
CC(C)(OC=O)c1ccccc1,0,0,1,0
CCCCCCCCCCC(C(C)=O)C(=O)OCC,0,0,1,0
CCOC(=O)c1ccccc1OCC,0,1,1,0
CCCCCC(=O)OC(CCCC)C(=O)OCC,0,1,0,0
CC=CC(=S)OCC,0,1,0,0
CCCCC/C=C\CCC(=O)OCC,0,0,1,0
CCCCC=COC(=O)c1ccco1,0,1,0,0
C=CCCCCOC(C)=O,0,1,0,0
CCCCCCOC(=O)C(CC)CC,0,1,0,0
CCCCCCOC(=O)CCC(C)C,0,1,0,0
CC(=O)OC(O)c1ccccc1,0,0,1,0
CC(=O)OC(O)CC(C)CCC=C(C)C,0,0,1,0
CC(C)CCCOC(=O)c1ccccc1,0,1,0,0
CC(=O)OC1(C(C)C)CCCCC1,0,1,0,1
CCC(C)C(=O)OC1CC(C)CCC1C(C)C,0,1,1,1
CCCC(=O)OC1CC(C)CCC1C(C)C,0,0,1,1
C/C=C/C(=O)OC1CC(C)CCC1C(C)C,0,0,0,1
C/C=C(\C)C(=O)OC1CC(C)CCC1C(C)C,0,1,1,0
CSCC[C@H](N)C(=O)OC(=O)CS,0,1,0,0
COCCOC(=O)CC(C)=O,0,1,0,0
COC(=O)C1(c2ccccc2C)CO1,0,1,0,0
C=C(C)COC(=O)C(C)C,0,1,0,0
C=C(C)COC(=O)CC,0,1,0,0
CC(=O)OC1(C)CCCCC1,0,1,1,0
CC(C)CCCOC(=O)CC(C)C,1,0,0,0
C=CC(C)(CC/C=C(/C)CCC=C(C)C)OC(=O)C(C)C,0,1,0,0
CCCCC(CC)C(=O)OCCc1ccccc1,0,0,1,0
CCC(=O)Oc1ccccc1,0,0,1,0
O=C(OCCCc1ccccc1)c1ccccc1O,0,1,1,0
CC(C)CC(=O)OC(C)c1ccccc1,0,0,1,0
CCCCC1(OC(C)=O)CCCCC1,0,0,1,0
CCC(=O)OC1(C)CCCCC1(C)C,0,1,0,1
CCCCC(C)C(C)(C)OC(=O)CC(C)C,0,0,1,0
O=C1CCCCCC1,0,0,0,1
COc1ccc(/C=C/C(C)=O)cc1,0,1,1,0
CCCCC(=S)C1(C)CCCC(C)=C1C,0,1,0,0
CCCCCC(=O)CSCCC,0,1,1,0
CC1=CC(=O)CC(C)(C)C12CCC(C)O2,0,0,1,0
CC(C)(C)C(=O)O,1,0,0,0
CC(C)C(O)C(C)C,0,1,0,0
CC(C)[C@@H]1C=C[C@](C)(O)CC1,0,0,1,0
CCC(C)CC(O)CC,0,0,1,0
C/C=C(/C=O)CC,1,0,0,0
CCC(C)=C(C=O)CSC,1,0,0,0
CCOc1ccccc1OCC,0,1,0,0
CCOc1ccccc1CO,0,1,0,0
CCOc1ccc(CO)cc1,0,1,0,0
Cc1ccc(CO)o1,0,1,0,0
CCCCOc1ccc(C=O)cc1,0,1,1,0
CCOc1ccccc1C=O,0,1,0,0
COCC(C)O,0,1,0,0
c1ccc2c(c1)CCO2,0,1,0,0
CCOC(OCC)c1ccc(C)cc1,0,1,1,0
COc1ccc2ncccc2c1,0,1,0,0
CCOC(OCC)C(C)Cc1ccc(C(C)C)cc1,0,0,1,0
CC(=O)OCCCC(C)c1ccccc1,0,0,1,0
O=C(OCCOc1ccccc1)c1ccccc1,0,0,1,0
CCCCCC=CC(=O)OCCCC,0,1,0,0
CCCCOC(=O)c1ccc(O)c(OC)c1,0,1,1,0
CCOC(=O)c1ccccc1NC(C)=O,0,0,1,0
CCCCC(C(=O)OCC)c1ccccc1,0,1,0,0
CCCCCCCCCC(=O)OC1CC(C)CCC1C(C)C,0,0,1,1
CCCCCCC(=O)Oc1ccc(C)cc1,0,0,1,0
C=CC1(C)CCC(COC(C)=O)C(C)(C)C1C(=C)C,0,1,0,0
CCOc1ccc(C(C)=O)cc1,0,0,1,0
C=C1CC[C@@H](C(=C)C)C[C@@H]1O,0,0,0,1
CC(C)[C@@H]1C=C[C@@](C)(O)CC1,0,0,1,0
CC(C)=CCCC(C)=CCCC(C)(O)C1CO1,0,0,1,0
C1CCCCC1,0,1,0,0
COc1cccc(CO)c1OC,0,1,0,0
COc1cccc(C=O)c1OC,0,1,0,0
CSCCCC(N)=O,0,1,0,0
CC(=O)OCCCCS,1,0,0,0
CCOC(=O)C(CC)CS,0,1,0,0
CCCCCOC(=O)C(C)CCC,0,0,1,0
CCOC(C)OC(C)C,1,0,0,0
CCCCCC(C)C=O,0,1,0,0
CCCCCCCCC(O)C(=O)OC(=C(C)C)C(O)CO,0,1,0,0
CC1=CC(=O)CC(C)(C)[C@@]1(O)/C=C/[C@@H](C)O,0,0,1,0
CCCC1(C)CCCOS1,0,1,0,0
CCCCCCCCC=CC=CC=O,0,0,1,0
CCOC(=O)C(C)(O)c1ccccc1,0,1,0,0
O=C1C=CCCCCCCCCCO1,0,1,0,1
C=CCCCCCC(=O)OCC,0,1,0,0
C=C(C)C(=O)O,1,0,0,0
CCCCC(C=O)SC(C)=O,0,1,0,0
CC(C)CCC(C)O,0,1,0,0
O=C(O)C(Cc1ccccc1)c1ccccc1,0,0,1,0
CN(C)CCc1ccccc1,0,1,0,0
CC(=O)O[C@H]1C[C@H](C)CC[C@H]1C(C)C,0,0,0,1
CC1=CCC[C@]2(C)CC[C@@H](C(C)(C)O)C[C@@H]12,0,1,0,0
Cc1ccc(CC(=O)O)cc1,0,0,1,0
C=C(C)C1CC(=O)C(C)=C(O)C1,0,0,0,1
C=C(C)C1CCC2(C)OC2C1=O,0,0,0,1
CC(C)=CCC/C(C)=C\CC/C(C)=C\CO,0,0,1,0
CC(C)=CCC/C(C)=C\CC/C(C)=C/CO,0,0,1,0
CS(=O)(=O)c1ccc(CCC(=O)O)cc1,0,0,1,0
C=C/C(C)=C\C/C=C(\C)CCC=C(C)C,0,0,1,0
CC(C)=CCC/C(C)=C/CC/C(C)=C\C=O,0,0,0,1
CC(C)[C@@H]1CC[C@H](C)C[C@H]1O,0,0,0,1
CC(C)[C@H]1CC[C@H](C)[C@@H](O)C1,0,0,0,1
C=C1[C@@H]2CC[C@@H](C2)[C@@]1(C)CC/C=C(\C)CO,0,1,0,0
CC1(C)O[C@]2(C)CC[C@H]1C[C@@H]2O,0,0,0,1
C/C(=C/CC[C@]1(C)C2CC3C(C2)C31C)CO,0,1,0,0
C=C(C)[C@H]1CC[C@H](C)C[C@H]1OC(C)=O,0,0,0,1
C=C(C)[C@@H]1CC[C@@]2(C)CCC=C(C)[C@@H]2C1,0,1,0,0
CCCC(=O)CC(=O)[O-],0,1,0,0
CC(C)=CCC[C@]1(C)C2C[C@H]3[C@@H](C2)C31C,0,1,0,0
C=C(C)C1CCC(C)=C(C=O)C1,0,0,0,1
CC(C)[C@H]1C=C[C@@](C)(O)CC1,0,0,0,1
C/C(C=O)=C\CCC1(C)C2CC3C(C2)C31C,0,1,0,0
OCOc1ccccc1,0,1,1,0
C/C(=C/CC[C@]1(C)C2CC3[C@H](C2)C31C)CO,0,1,0,0
CC(=CCCC1(C)C2C[C@H]3[C@@H](C2)C31C)CO,0,1,0,0
CC1=CC[C@H]2[C@H]3C1[C@@]2(C)CC[C@H]3C(C)C,0,0,0,1
C=C1C2CCC(CO)[C@@]23CC[C@H](C3)C1(C)C,0,1,0,0
CCCC(=O)C(=O)CCC(=O)CC(C)=O,0,1,0,0
[N-]=[N+]=O,0,1,0,0
OC(O)C(Cl)(Cl)Cl,0,1,0,0
ClCCl,0,1,0,0
Cc1ccc(C)cc1,0,1,0,0
CCCCCCCCC=CCCCCCCCC(=O)OCC(O)CO,0,1,0,0
OC[C@@H](O)c1ccccc1,0,1,0,0
CC1=C[C@@H]2OC[C@H](C)[C@@H]2CC1,0,0,0,1
CCC=CCCC=CCOC(C)=O,0,0,1,0
CC(=O)OC(C)C1CCCCC1,0,1,0,0
CC(=O)C1(C)CC2C(=CC1C)CCCC2(C)C,0,0,1,0
C=C(C)CC(C)OC(=O)c1ccccc1O,0,0,1,0
CC1(C)CC=C(CCC=O)CC1,0,0,1,0
CCC1(C)CC(C)(C)c2ccccc21,0,0,1,0
CO[C@@H]1C[C@H](C)CC[C@H]1C(C)C,0,0,0,1
CCC(C)C1CCCCC1(C)OC(C)=O,0,1,0,0
C=C(C)C1CCC(C)(OC(C)=O)CC1,0,0,1,0
CCC(=O)/C(C)=C/C1=C(C)CCCC1(C)C,0,0,1,0
C=CC(C)CCCC(C)(C)OC=O,0,0,1,0
CCC(CC)C1CC(C)(O)CCO1,0,0,1,0
C[C@H]1CCO[C@@H](c2ccccc2)C1,0,0,1,0
C/C(=C\c1ccc(C)cc1)CO,0,0,1,0
CCCCCCCCC=CC#N,0,0,1,0
CC=CC(C)C(=O)OCCCCCC,0,1,0,0
CC1CC2C(CC1/C=C/C#N)C2(C)C,0,0,1,0
CC(C)(O)CCCC1=CCCC(C=O)C1,0,0,1,0
C=C(CCOC(C)=O)C1CC=C(C)CC1,0,0,1,0
CC/C=C/CCC1=CC(=O)CC1,0,0,1,0
CC(CO)Cc1ccc(C(C)(C)C)cc1,0,0,1,0
CC1=CC(c2ccccc2)OC(C)C1,0,0,1,0
C/C=C/COCC/C=C\CC,0,0,1,0
CCCCCOC1=C(C)CCC1=O,0,0,1,0
C/C(C=O)=C\c1ccc(C(C)C)cc1,0,0,1,0
C=C(C)CC(C(C)=O)C(=O)OCC,0,0,1,0
CC=C1CC2CC1CC2OC(=O)CC,0,0,1,0
CC/C(CC(C)CC)=N/O,1,0,0,0
C/C=C(\CC)CCC(C)CCO,0,0,1,0
CC(C)=CC(C)CCCCC=O,0,0,1,0
C=CC(C)CCCC(C)(C)OC,0,1,1,0
C/C=C/CCCCCCCC#N,0,0,1,0
CCCC(CCOC(C)=O)C(C)CC,0,0,1,0
CCCCC/C(C=Nc1ccccc1C(=O)OC)=C\c1ccccc1,0,0,1,0
CC(O)CCC1CCCCC1,0,0,1,0
CCC/C=C(\C#N)c1ccccc1,0,0,1,0
COC(=O)c1ccccc1NC(O)CC(C)c1ccccc1,0,0,1,0
COC(=O)C1(C)CCC(C)CC1,0,0,0,1
CC(C)CCC1CCC(O)CC1,0,0,1,0
CC1CCC(C(C)C)/C(=N\O)C1,0,0,1,0
CCCC=CCC1CCCC1O,0,0,1,0
CC(=O)OC(C)(C)[C@H]1CC=C(C)CC1,0,1,1,0
CCOC(=O)c1ccccc1N=Cc1ccc(C(C)(C)C)cc1,0,0,1,0
CC(=O)OCCCCCCCCCCC(C)C,0,1,1,0
COC(=O)c1ccccc1NC=C1CCC(C)=CC1C,0,0,1,0
CCC(=O)/C=C/[C@H]1C(C)=CCCC1(C)C,0,0,1,0
CC1C(C)(C)C2CCCCC2C1(C)C,0,0,1,0
COC(Cc1ccc(C)cc1)OC,0,0,1,0
CC(C)=CCC/C(C)=C/C(=O)/C=C/C(C)=C/C=C/C(C)=C/C=C/C=C(C)/C=C/C=C(C)/C=C/C1=C(C)CC(O)CC1(C)C.CC1=C(/C=C/C(C)=C/C=C/C(C)=C/C=C/C=C(C)/C=C/C=C(C)/C=C/C(=O)C2(C)CC(O)CC2(C)C)C(C)(C)CC(O)C1.CC1=C(/C=C/C(C)=C/C=C/C(C)=C/C=C/C=C(C)/C=C/C=C(C)/C=C/C(=O)C2=C(C)CCCC2(C)C)C(C)(C)CC(O)C1.CC1=CCCC(C)(C)C1C(=O)/C=C/C(C)=C/C=C/C(C)=C/C=C/C=C(C)/C=C/C=C(C)/C=C/C1=C(C)CC(O)CC1(C)C.COc1cc(CNC(=O)CCCC/C=C/C(C)C)ccc1O,0,1,0,0
CC(C)(C)[C@@H]1CCCC[C@H]1O,0,0,0,1
O=C1CCCCCCCCCCCC(=O)OCO1,1,1,1,1
COc1ccccc1C(=O)OC1CCC1,0,0,1,0
CC(C)[C@@H]1CC[C@@H](C)C[C@H]1OC(=O)[C@@H](C)O,1,1,0,1
CCC=CCCOC(=O)C(CC)CC,0,1,0,0
CCCC[C@H]1C[C@H](C(C)=O)C(=O)O1,0,0,1,0
COc1cc(C2C3=C(CCCC3=O)Nc3[nH]c(SC(C)C)nc(=O)c32)cc(OC)c1OC,0,0,1,0
CC(C)=CCCC1(C)[C@H]2CC=C(C)[C@@H]1C2,0,1,0,0
CCCCCCCCCCCC(=O)OC[C@@H](O)[C@H]1OC[C@H](OCCO)[C@H]1OCCO,1,0,0,0
CC1CCC2OCC(=O)COC2C1,0,1,0,1
CN1CCC(CCNC(=O)Nc2ccc(F)cc2)CC1,1,1,0,1
CC1=C(O)/C(=N/O)C(C(C)C)CC1,0,0,1,0
CC/C=C\CC(C)OC(=O)c1ccccc1O,0,0,1,0
CC(=O)/C=C/C1C(C)=CCCC1(C)C.CC(C)=O.CCC(=O)/C=C/C=C(\C)CCC=C(C)C,0,1,1,1
C/C=C\CC1=C(C)CCC1,0,1,1,1
C=C1C2CCC(C2)C1(C)CC/C=C(\C)COC(=O)Cc1ccccc1,0,0,1,0
CC1=CCC2C1[C@@H]1C[C@@H]2C(C)C1O,1,0,0,1
CC(C)CC=C(CO)C(C)C,0,0,0,1
O=C(Oc1cccc(OC(=O)c2ccccc2)c1)c1ccccc1,1,1,0,0
FC(F)(F)C(Cl)=C(Cl)Cl,0,1,0,0
CCC=CCCOC(=O)OC,0,0,1,0
CCCCCCC(C=Nc1ccccc1C(=O)OC)=Cc1ccccc1,0,0,1,0
CC=CC(=O)OC1CCCC1C1CCCC1,0,0,1,0
CCC=CCC=CCCOC(C)=O,0,1,0,0
O=C([O-])Cc1ccccc1,0,1,0,0
CC1=CC(=O)CC(C)(C)C1(O)/C=C/C(C)O,0,0,1,0
[15NH4+].[OH-],1,0,0,0
C[C@@H]1CC[C@@H]2[C@@H]1[C@H]1[C@@H](CC[C@@]2(C)O)C1(C)C,0,0,1,0
CC1=CCC2(CC1)C(C)CCC2C(C)(C)O,0,1,1,0
CC(C)=CCCC(C)CCOC(=O)C(C)O,0,0,1,0
C/C=C\c1cc(C(C)C)ccc1C,0,1,0,0
CC1CCC(C(C)C)C(OC(=O)N2CCCC2=O)C1,0,0,0,1
CCOC(=O)C1C(C)CCCC1(C)C,0,0,1,0
CCC=CCCOC(=O)C1CC1,0,0,1,0
CC1CC2CC(C)(C)COC2CC1C,0,0,1,0
CC(=O)C=CC1C(C)=CCCC1(C)C.CC(C)=O.CCC(=O)C=CC=C(C)CCC=C(C)C,0,1,0,0
CC(C)CC1CCCC(C)(O)C1.CC(C)CC1CCCC(C)(O)C1,0,0,1,0
CC(C)=CCC(C)(C)C(=O)C(C)C.CC(C)=CCC(C)(C)C(=O)C(C)C,0,1,0,0
COc1ccc(C2CC(=O)c3c(O)cc(O)cc3O2)cc1O,0,0,1,0
O=C(O)CC(CC(=O)O)C(=O)O,0,1,0,0
CCCCCCCCCCCCC1CCC1=O,0,1,0,0
C=C(C)[C@@H]1CC[C@](C)(O)[C@@H](O)C1,0,1,1,0
CCCCCCCCCCCCCCC1CCC1=O,0,0,0,1
CCCCCCCCCCCCCCCCC(=O)NCCn1ccc2ccccc21,0,1,0,0
O.O=C1[N-]S(=O)(=O)c2ccccc21.O=C1[N-]S(=O)(=O)c2ccccc21.[Ca+2],0,1,0,0
